 BEGIN;
 INSERT INTO patient
 (fio, insurcomp, icontract, birthdate, address, pnumber, password)
 VALUES 
 ('Антипов Юрий Иванович','ПАО СБЕРБАНК','68213088741/А9','1954-04-28','101000, г. Москва, Архангельский переулок, дом 9, стр. 1, офис 6','+79141453495','1'                                                                                                                                         ),
 ('Архипкин Александр Дмитриевич','ПАО СБЕРБАНК','30676022569/А9','1989-05-29','101000, г. Москва, Уланский пер., д.14, корпус А, помещение 1, к.1','+79131554615','01C410AE4F'                                                                                                                                 ),
 ('Блохин Павел Александрович','ЗАО ГОРЗДРАВ','63259632770/А5','1982-02-07','105062.г.Москва, Фурманный пер., д.10, стр.1','+79755289734','14D465DC88'                                                                                                                                                        ),
 ('Вовнякова Елена Николаевна','ОАО СЕМЕЙНАЯ ПОЛИКЛИНИКА','85596426116/А3','1991-03-17','105679, г. Москва, Измайловское шоссе, д. 44','+79002414217','0FABEE400A'                                                                                                                                               ),
 ('Воронцова Лилия Александровна','ООО ЕВРОСЕТЬ','50342260473/А5','1963-08-19','107031, Москва, ул. Рождественка, д.5/7, стр.2, пом.V, ком.18','+79688374942','0429F3F798'                                                                                                                                       ),
 ('Джингура Генри ','ООО СЕРВИС ЗДОРОВЬЕ','99687726580/А9','1981-06-26','107553, г.Москва, ул. Большая Черкизовская, д.24А, Стр. 1','+79498879722','15F150EFDE'                                                                                                                                                 ),
 ('Жуков Лев Викторович','ООО ЕВРОСЕТЬ','22822251057/А1','1971-10-14','109044, г. Москва, Пестовский пер., д. 12','+79498692313','0933F0CBCE'                                                                                                                                                                      ),
 ('Иванов Шандор Андреевич','ОАО СЕМЕЙНАЯ ПОЛИКЛИНИКА','90021713567/А1','1963-04-08','109145, г. Москва, Жулебинский бульвар, д. 9','+79435059347','14A999FC45'                                                                                                                                                ),
 ('Ким Екатерина Геннадьевна','ООО ЕВРОСЕТЬ','33747027174/А2','1951-06-11','109202, г. Москва, Рязанский проспект, д. 33','+79463134029','02C1973A54'                                                                                                                                                          ),
 ('Коряко Александр Сергеевич','ОАО СЕМЕЙНАЯ ПОЛИКЛИНИКА','45035327295/А2','1967-05-03','111024, Москва, 2-й Кабельный проезд д.1','+79815156842','0B781B4C44'                                                                                                                                                ),
 ('Кривошеин Алексей Евгеньевич','ЗАО ГОРЗДРАВ','11490048259/А3','1987-01-06','115054, г. Москва, ул. Валовая, д. 28','+79739404240','0141E4307C'                                                                                                                                                                  ),
 ('Кульгаева Наталья Сергеевна','ПАО СБЕРБАНК','64921265715/А5','1992-11-19','115054, Москва, ул.Валовая, д.28Адрес филиала:198216, Санкт-Петербург,Ленинский проспект, д. 139','+79646175085','0E0ED6C525'                                                                                                        ),
 ('Мыслицкий Илья Дмитриевич','ООО ПОЛИС ГАРАНТ','73988540132/А6','1970-09-14','115088, г. Москва, Машиностроения 2-я ул, дом № 17, строение 1','+79460426310','04FF96BDBC'                                                                                                                                     ),
 ('Наймушин Алексей Вячеславович','ПАО ЗДРАВ ГАРАНТ','74631183849/А6','1958-12-27','115088, г. Москва, ул. Угрешская, д. 2, стр. 25','+79592036417','0B5AC1142E'                                                                                                                                                  ),
 ('Нгуен Ань Туан ','ЗАО ГОРЗДРАВ','90367066612/А6','1991-02-26','115088, г. Москва, ул. Шарикоподшипниковская, д. 17','+79672874694','10641DF6D3'                                                                                                                                                              ),
 ('Нгуен Дык Хиеу ','ООО ЕВРОСЕТЬ','60583320761/А6','1993-09-13','115230, г. Москва, Варшавское шоссе, д. 46','+79289625820','0F1FACB41C'                                                                                                                                                                       ),
 ('Палванов Мурод Равшанович','ПАО СБЕРБАНК','71818712972/А2','1991-01-21','115477 г. Москва, Кантемировская ул., д. 60','+79031655621','12F087A05F'                                                                                                                                                            ),
 ('Подкин Павел Дмитриевич','ОАО СЕМЕЙНАЯ ПОЛИКЛИНИКА','45388077244/А9','1995-01-14','115477, г. Москва, ул. Кантемировская, д. 60','+79987258161','00591143B4'                                                                                                                                               ),
 ('Рыков Владимир Владимирович','ОАО СЕМЕЙНАЯ ПОЛИКЛИНИКА','19944264733/А4','1957-10-06','117105, Москва, Варшавское шоссе, дом 37а, стр.2','+79710310300','12DED352A5'                                                                                                                                         ),
 ('Смирнов Владимир Игоревич','ООО ЕВРОСЕТЬ','89605859014/А6','1959-02-15','117279, г. Москва, ул. Введенского, д. 23А, стр. 3','+79498945939','04E4814C7E'                                                                                                                                                   ),
 ('Сысоев Сергей Евгеньевич','ЗАО ГОРЗДРАВ','18832172334/А2','1963-07-03','117420, г. Москва, ул. Профсоюзная д. 57, офис 426','+79599867362','13FEA7BD36'                                                                                                                                                     ),
 ('Чекулаев Никита Сергеевич','ООО СЕРВИС ЗДОРОВЬЕ','38178329493/А2','1982-06-09','117574, г. Москва, пр. Одоевского, д. 3, корп. 7','+79245192893','166A960CE7'                                                                                                                                                 ),
 ('Язовский Денис Максимович','ПАО СБЕРБАНК','85498311778/А7','1957-02-06','117623, город Москва, ул. Типографская, д. 10','+79989174481','0C2D9AB3CA'                                                                                                                                                          ),
 ('Абакумов Сергей Антонович','ОАО МЕДСЕРВИСK','89422645955/А7','1980-04-05','119071, г. Москва, ул. Орджоникидзе, д. 12с2','+79488356733','07F0F5073A'                                                                                                                                                          ),
 ('Андрусенко Максим Владимирович','ПАО ЗДРАВ ГАРАНТ','83357127532/А2','1983-08-11','123103 г.Москва наб. Новикова-Прибоя д.14 корп.1','+79916434362','0470D01883'                                                                                                                                             ),
 ('Анисимов Вячеслав Дмитриевич','ООО ЕВРОСЕТЬ','60019862526/А6','1983-08-21','123103 г.Москва наб. Новикова-Прибоя д.14 корп.1','+79380107608','03E479420A'                                                                                                                                                   ),
 ('Будкина Надежда Всеволодовна','ПАО ЗДРАВ ГАРАНТ','19256031556/А8','1971-08-24','123154, г. Москва, ул. Саляма Адиля, д. 9, кор. 3, помещение i, комната 9','+79337035084','01793D371C'                                                                                                                        ),
 ('Георгиев Игорь Алексеевич','ОАО СЕМЕЙНАЯ ПОЛИКЛИНИКА','21592460638/А3','1986-10-26','123154, г. Москва, ул. Саляма Адиля, д. 9, кор. 3, помещение i, комната 9','+79516370664','0E7EFE63F7'                                                                                                                  ),
 ('Егоров Сергей Александрович','ООО ПОЛИС ГАРАНТ','80088233969/А3','2000-08-23','123308, г. Москва, Силикатный 3-й проезд, д. 3','+79379508322','132F826A66'                                                                                                                                                  ),
 ('Занин Михаил Антонович','ОАО МЕДСЕРВИСK','54379904720/А6','1958-07-10','123308, г. Москва, Силикатный 3-й проезд, д. 3','+79196508607','0A7C50EC41'                                                                                                                                                            ),
 ('Исаев Владимир Сергеевич','ОАО СЕМЕЙНАЯ ПОЛИКЛИНИКА','94796731140/А2','1970-02-28','123308, г. Москва, ул. Зорге, д. 7, ст. 1','+79626684702','12BB4D71FA'                                                                                                                                                   ),
 ('Кеда Роман Максимович','ООО ЕВРОСЕТЬ','97455168384/А6','1962-05-28','123995, г. Москва, ул. 1905 года, д.7, стр. 1','+79206684434','02DEB9A75B'                                                                                                                                                              ),
 ('Константинов Антон Евгеньевич','ПАО ЗДРАВ ГАРАНТ','71824667981/А8','1970-11-30','125362, г. Москва, ул. Свободы, д. 29, этаж 4, офис 314/2','+79567772128','06222FE1FC'                                                                                                                                      ),
 ('Кучма Дмитрий Ильич','ООО СЕРВИС ЗДОРОВЬЕ','56347954684/А6','1953-06-01','125438, г. Москва, Пакгаузное ш., д. 19','+79832826112','0800CBE4F6'                                                                                                                                                                  ),
 ('Лазарев Егор Олегович','ЗАО ГОРЗДРАВ','12137092363/А3','1978-01-19','127006, г. Москва, пер. Воротниковский, д. 11, стр. 1','+79501163593','02F34F87E5'                                                                                                                                                    ),
 ('Лазоренко Алексей Сергеевич','ЗАО ГОРЗДРАВ','33378812198/А8','1985-12-03','127422, г. Москва, ул., Тимирязевская, д.6','+79803710156','08767CDE5B'                                                                                                                                                              ),
 ('Лихоманова Елизавета Андреевна','ОАО СЕМЕЙНАЯ ПОЛИКЛИНИКА','17972127880/А8','1973-10-13','127560, г. Москва, ул. Конёнкова, 15, корп. 1','+79786537621','02684B5317'                                                                                                                                       ),
 ('Лошаченко Игорь Дмитриевич','ЗАО ГОРЗДРАВ','62128078352/А8','1955-02-06','129085, г. Москва, ул. Годовикова, д. 9, стр. 2','+79024865245','04CD7CF8F6'                                                                                                                                                        ),
 ('Михайлов Григорий Юрьевич','ООО ЕВРОСЕТЬ','33615630401/А3','1993-09-26','129164, г. Москва, ул. Ярославскя, д. 8, корп. 7, пом. 520','+79232235003','042487ABE6'                                                                                                                                            ),
 ('Непомнящих Алексей Юрьевич','ООО ПОЛИС ГАРАНТ','63163184257/А4','1966-02-14','129337, г. Москва, Ярославское шоссе, д. 55, корп. 1, офис 21','+79812233428','0D13B8FBBF'                                                                                                                                     ),
 ('Никишина Ирина Александровна','ОАО СЕМЕЙНАЯ ПОЛИКЛИНИКА','95416429917/А3','1997-01-09','129344, г. Москва, ул. Искры, д. 31, кор. 1, помещение II, комната 5','+79114923399','160B4B66F3'                                                                                                                    ),
 ('Пиджаков Артем Романович','ПАО РОСЗДОРОВЬЕ','56030222871/А6','1965-03-08','129515, Москва, ул. Ак.Королева, д.13, стр.1','+79434285011','08FF682F3C'                                                                                                                                                         ),
 ('Плаксунов Герман Вячеславович','ЗАО ГОРЗДРАВ','10052621460/А1','1991-12-01','142100, Москвовская область, г. Подольск, ул. Кирова, д. 15','+79806667434','044713DD7A'                                                                                                                                          ),
 ('Самодурова Карина Владимировна','ПАО СБЕРБАНК','72460540451/А5','1983-03-15','142100, Московская обл., г. Подольск, ул. Рощинская, д.2/22а, пом. 3','+79238289821','0FF7C3B29C'                                                                                                                             ),
 ('Семина Ольга Юрьевна','ПАО РОСЗДОРОВЬЕ','85589556029/А7','1953-08-31','142110, Московская область, г. Подольск, ул. Кирова 50','+79733942982','032C53F384'                                                                                                                                                 ),
 ('Скворцов Ефим Михайлович','ОАО МЕДСЕРВИСK','16326887686/А6','1990-08-06','142121, Московская область, г. Подольск, ул. Октябрьский пр. 2','+79751467814','1312710E0B'                                                                                                                                       ),
 ('Сковпень Мария Михайловна','ОАО МЕДСЕРВИСK','66325407646/А4','1986-11-12','142180, Московская область, г. Климовск, ул. Ленина, дом 1, 136/1','+79589396338','0386CB2879'                                                                                                                                    ),
 ('Фролов Михаил Максимович','ПАО РОСЗДОРОВЬЕ','47761921123/А1','1982-03-22','142180, Московская область, г. Климовск, ул. Ленина, дом 1, к. 3','+79427917628','145DB0FFE7'                                                                                                                                    ),
 ('Хандусенко Виталий Олегович','ОАО МЕДСЕРВИСK','87777951896/А2','1995-10-22','142200, Московская область, г. Серпухов, ул. Ворошилова, д. 165В, кв. 28','+79548005968','08212DF136'                                                                                                                           ),
 ('Шахов Алексей Александрович','ПАО ЗДРАВ ГАРАНТ','70708724684/А4','1972-04-14','142203, Московская область, г. Серпухов, ул. Крупской, д. 10А','+79535791252','02A04A25D7'                                                                                                                                       ),
 ('Шикина Анна Александровна','ПАО ЗДРАВ ГАРАНТ','96036018697/А1','1974-06-25','142400, Московская область, город Ногинск, ул. Рабочая, 115','+79525769867','1006644FC0'                                                                                                                                     ),
 ('Щербакова Анастасия Владимировна','ООО СЕРВИС ЗДОРОВЬЕ','65313098160/А9','1979-09-14','142411, Россия, Московская обл., Ногинский р-н, д. Молзино, ул. Советская, 18-б','+79042552141','09CCCBC9CC'                                                                                                           ),
 ('Бордачев Даниил Александрович','ПАО РОСЗДОРОВЬЕ','44057973878/А1','1973-01-08','143000, Московская область, г. Одинцово, Можайское шоссе, д. 71, офис 303','+79078644361','05D7854C09'                                                                                                                        ),
 ('Горев Ярослав Николаевич','ПАО ЗДРАВ ГАРАНТ','73170834735/А5','1995-12-11','143200, Московская область, г. Можайск, ул. Мира, д. 93','+79778672318','01FCE18F65'                                                                                                                                                ),
 ('Гришин Игорь Алексеевич','ООО ЕВРОСЕТЬ','64966974847/А8','1971-03-27','143405 Московская область, Красногорский район, г. Красногорск, автодорога "Балтия", 23 км, владение 1, дом 1','+79785566195','06AA0B72C2'                                                                                          ),
 ('Дрондин Даниил Михайлович','ПАО РОСЗДОРОВЬЕ','14751919495/А1','1996-10-20','143405 Московская область, Красногорский район, г. Красногорск, автодорога "Балтия", 23 км, владение 1, дом 1','+79826704572','0CE81AB9CD'                                                                                       ),
 ('Евстратова Ксения Сергеевна','ЗАО ГОРЗДРАВ','42236008997/А2','1956-01-11','143405, Московская обл., Красногорский р-н, г. Красногорск , Коммунальный кв-л, дом №2','+79549493315','163A89EE6B'                                                                                                              ),
 ('Заболотин Антон Александрович','ОАО МЕДСЕРВИСK','44279999947/А9','1953-10-03','143420, Московская область, Красногорский район, 26 км автодороги "Балтия, БЦ "Рига Ленд", стр. 3','+79155916251','09DF548F84'                                                                                                 ),
 ('Коновалов Федор Михайлович','ПАО РОСЗДОРОВЬЕ','91786650795/А7','1997-03-17','150014, г. Ярославль, ул. Победы, д. 51, к. 2, оф 52.','+79635893749','0A319EFDCC'                                                                                                                                               ),
 ('Кривольцевич Егор Алексеевич','ПАО СБЕРБАНК','80086590590/А2','1952-04-09','150034, РФ, Ярославская область, г. Ярославль, ул. Ранняя, д. 13, кв. 17','+79403287856','0C905EE512'                                                                                                                           ),
 ('Левчук Илья Игоревич','ООО ПОЛИС ГАРАНТ','66297958128/А1','1956-11-10','152909, Ярославская область, г. Рыбинск, ул. Шевченко, д. 8.','+79981890479','0DA409ED08'                                                                                                                                         ),
 ('Мартиросян Арман Гришович','ООО СЕРВИС ЗДОРОВЬЕ','75330809431/А1','1986-08-09','152917, Ярославская область, г. Рыбинск, проспект Серова, д.12 кв.4','+79357746323','16689DED3C'                                                                                                                           ),
 ('Миногина Вероника Дмитриевна','ЗАО ГОРЗДРАВ','86361553213/А4','1973-08-01','152935, Ярославская обл., г. Рыбинск, ул. Моторостроителей, 14-104','+79580092396','0DC4C39E42'                                                                                                                                 ),
 ('Мустафаев Эмиль Сабирович','ПАО РОСЗДОРОВЬЕ','47365672452/А7','1983-06-25','156009, Костромская область, г. Кострома, м/р-н Юбилейный, 15-33','+79755411937','0DB4A7FCD6'                                                                                                                                     ),
 ('Никифоров Антон Владимирович','ООО ПОЛИС ГАРАНТ','70161472885/А7','1986-08-26','156011, г. Кострома, ул. Магистральная, д.57, кв.59','+79416462473','0157DA9EA2'                                                                                                                                              ),
 ('Резников Артем Алексеевич','ЗАО ГОРЗДРАВ','96557956198/А7','1953-07-07','156016, Костромская область, г. Кострома, ул. Индустриальная, д. 16, кв. 45','+79660979215','009A474058'                                                                                                                            ),
 ('Садовников Никита Андреевич','ПАО РОСЗДОРОВЬЕ','81379380314/А6','1991-12-16','156019, Костромская область, г. Кострома, ул. П. Щербины, д. 9а','+79268623925','023082871F'                                                                                                                                  ),
 ('Семехин Григорий Александрович','ООО СЕРВИС ЗДОРОВЬЕ','32557679875/А1','1998-12-27','163000, г. Архангельск, ул. Карла Маркса, д. 31, корп. 1, оф. 1','+79861640484','0A27AEFFFE'                                                                                                                          ),
 ('Снежин Дмитрий Анатольевич','ПАО РОСЗДОРОВЬЕ','50002895759/А8','1963-09-26','163001, Архангельская обл, Архангельск г, Суворова ул., д. 2','+79625931709','10AFCB53B7'                                                                                                                                       ),
 ('Соломатин Алексей Егорович','ОАО СЕМЕЙНАЯ ПОЛИКЛИНИКА','63664085303/А9','1954-02-05','163057, обл. Архангельская, г. Архангельск, пр. Ленинградский, д. 273, корп. 2, кв. 45','+79840930309','0C45C2215C'                                                                                                       ),
 ('Фазульянов Егор Алексеевич','ОАО СЕМЕЙНАЯ ПОЛИКЛИНИКА','90497415399/А8','2000-11-07','170518, Тверская обл., Калининский р-он, с.Никольское, д.26','+79497667311','173C954DE3'                                                                                                                            ),
 ('Чижов Дмитрий Евгеньевич','ОАО МЕДСЕРВИСK','38164571241/А9','1972-12-09','180000, Псковская область, г. Псков, ул. Гоголя, д. 6','+79852207836','030E08274A'                                                                                                                                                    ),
 ('Абакумова Александра Владимировна','ЗАО ГОРЗДРАВ','66844526830/А2','1978-09-03','183034, г. Мурманск, ул. Транспортная, 7А','+79673043878','1368797797'                                                                                                                                                        ),
 ('Витулев Олег Геннадьевич','ОАО МЕДСЕРВИСK','35828386242/А7','1957-10-29','190020 Санкт-Петербург , Нарвский пр. 18','+79913641942','07364ABEBB'                                                                                                                                                            ),
 ('Гордиенко Анна Романовна','ПАО ЗДРАВ ГАРАНТ','24474027280/А5','1999-11-11','191119, Санкт-Петербург, ул. Правды, д. 15','+79122891363','1122BC1AF4'                                                                                                                                                          ),
 ('Дмитриев Иван Александрович','ОАО МЕДСЕРВИСK','51403981680/А6','1979-04-03','192284, Санкт- Петербург, ул. Будапештская д. 74 к.1 кв.642','+79660088373','0E6D3722C3'                                                                                                                                       ),
 ('Дындин Никита Романович','ООО ПОЛИС ГАРАНТ','52891342167/А3','1965-09-11','192289, г. Санкт-Петербург, ул. Олеко Дундича, 36-1-196','+79457176235','0BB6FCC350'                                                                                                                                             ),
 ('Зиновьев Владислав Владимирович','ООО ЕВРОСЕТЬ','68088837678/А7','1960-12-02','194044, г. Санкт-Петербург, Большой Сампсониевский пр., д.60, литера М','+79040256376','01CC5E33EB'                                                                                                                           ),
 ('Зурабишвили Николай Нодариевич','ООО СЕРВИС ЗДОРОВЬЕ','57624704487/А5','1989-02-03','194044, г.Санкт-Петербург, Б.Сампсониевский пр., д.60 литера И','+79217010652','023B142829'                                                                                                                              ),
 ('Катречко Егор Викторович','ПАО ЗДРАВ ГАРАНТ','18761814715/А8','1998-09-22','194044, РФ, г. Санкт-Петербург, Пироговская наб. 17 корпус 6','+79461934289','03430F2E48'                                                                                                                                       ),
 ('Коршунов Сергей Анатольевич','ООО ЕВРОСЕТЬ','64153243440/А9','1979-03-14','195027, Санкт-Петербург г, Миронова ул, дом № 4, литера А, помещение 1Н','+79804678502','05E03227D5'                                                                                                                               ),
 ('Кузькин Юрий Сергеевич','ОАО СЕМЕЙНАЯ ПОЛИКЛИНИКА','36849043958/А7','1965-03-22','195030, Санкт-Петербург, ул. Химиков, 28','+79738801631','1169254902'                                                                                                                                                    ),
 ('Лазарева Карина Романовна','ПАО СБЕРБАНК','62694203127/А8','1971-02-05','195030, Санкт-Петербург, ул. Химиков, 28','+79441168479','078C9F1AF1'                                                                                                                                                                ),
 ('Мазитов Айнур Раисович','ООО ПОЛИС ГАРАНТ','18571497136/А7','1954-08-10','195112, Санкт-Петербург г, Карла Фаберже пл, дом № 8, литера А, помещение 9-Н, комната 7','+79440652621','0A36C4672B'                                                                                                             ),
 ('Мазуркевич Максим Викторович','ООО ЕВРОСЕТЬ','63015642091/А6','1987-12-11','195252, г Санкт-Петербург, пр-кт Северный, д 91, корп 1, офис 136','+79758618083','09F9233C21'                                                                                                                                  ),
 ('Меликян Георгий Витальевич','ООО ПОЛИС ГАРАНТ','94525184219/А7','1987-06-16','196084, г. Санкт-Петербург, Заставская ул., 5/1','+79579130615','0183EE5BF6'                                                                                                                                                    ),
 ('Михеева Юлия Олеговна','ОАО МЕДСЕРВИСK','76793287246/А7','1965-09-14','196084, г. Санкт-Петербург, пр. Лиговский, дом 254, литер В, пом. 403','+79380271600','08FC2CA388'                                                                                                                                  ),
 ('Молчанов Данила Игоревич','ПАО РОСЗДОРОВЬЕ','91037625171/А6','1999-01-23','196084, Санкт-Петербург, Заставская, 14','+79419862398','11F44CDF2D'                                                                                                                                                               ),
 ('Муравкин Михаил Вадимович','ОАО СЕМЕЙНАЯ ПОЛИКЛИНИКА','37469686162/А1','1983-04-21','196240, г. Санкт- Петербург, ул. Костюшко, д. 15, оф. 16','+79796989551','0448AC8431'                                                                                                                                    ),
 ('Николаев Александр Владимирович','ООО ПОЛИС ГАРАНТ','75606969529/А1','1982-10-12','196247, г. Санкт-Петербург, Ленинский проспект, д. 153, офис 313','+79079346712','06A7CC760E'                                                                                                                             ),
 ('Парамонов Андрей Александрович','ООО СЕРВИС ЗДОРОВЬЕ','31502857106/А4','1961-12-13','196620, Санкт-Петербург, г. Павловск, ул. Березовая , 16/20','+79273796475','031A49F139'                                                                                                                                  ),
 ('Петросян Арман Феликсович','ОАО СЕМЕЙНАЯ ПОЛИКЛИНИКА','47570031398/А4','1957-09-29','196641,СПб, п.Металлострой, ул.Полевая, д.18','+79295632340','046E8DFB48'                                                                                                                                               ),
 ('Рогозин Дмитрий Петрович','ООО ПОЛИС ГАРАНТ','42742295179/А3','1990-09-03','198096, г. Санкт-Петербург, ул. Кронштадтская, д.11','+79838612801','08B6BD9E74'                                                                                                                                                  ),
 ('Талько Станислав Михайлович','ПАО ЗДРАВ ГАРАНТ','63151089694/А9','1964-08-22','198096, г. Санкт-Петербург, ул. Кронштадтская, д.11','+79729282820','0904D9B906'                                                                                                                                            ),
 ('Шерматова Милена Тахировна','ООО СЕРВИС ЗДОРОВЬЕ','31278959618/А6','1990-04-04','199178, г. Санкт-Петербург, 17 линия, д. 60, лит. А, помещение 4Н, В.О.','+79203959206','074B13EBB4'                                                                                                                          ),
 ('Шляпкина Кристина Алексеевна','ООО ЕВРОСЕТЬ','94519279107/А9','1989-07-06','214000, г.Смоленск, ул.Пржевальского, д.2, кв.21','+79347953664','06DBACC504'                                                                                                                                                   ),
 ('Волков Алексей Сергеевич','ПАО РОСЗДОРОВЬЕ','40436584251/А1','1975-09-08','214004, Смоленская область, г. Смоленск, ул. Николаева, д. 47, кв. 42','+79516640286','11C5E41703'                                                                                                                                ),
 ('Есомбе Жоэлль Ваво','ПАО РОСЗДОРОВЬЕ','73210204682/А5','1985-10-14','214019, Смоленская область, г. Смоленск, ул. Крупской, д. 68','+79059205846','05190BB880'                                                                                                                                              ),
 ('Журавлев Дмитрий Алексеевич','ООО ПОЛИС ГАРАНТ','73127100782/А2','1977-08-02','236001, Россия, г. Калининград, Московский пр., 181а','+79565448424','15CBFE25DF'                                                                                                                                               ),
 ('Клычков Илья Алексеевич','ООО СЕРВИС ЗДОРОВЬЕ','83736772962/А4','1970-01-20','241029, г.Брянск, пр-т Московский, 1-87','+79814614192','0CED119C3B'                                                                                                                                                         ),
 ('Кузьмина Валерия Алексеевна','ПАО ЗДРАВ ГАРАНТ','17171513452/А3','1987-04-04','243140, г. Клинцы, Брянской области, ул. Ногина, 49','+79357508013','0643C53E99'                                                                                                                                                ),
 ('Куличкина Юлия Олеговна','ПАО РОСЗДОРОВЬЕ','29086699903/А9','1997-11-20','249037, Калужская обл., г. Обнинск, ул. Шацкого. д. 5','+79658337564','12A4ECD8F9'                                                                                                                                                 ),
 ('Максимова Ольга Валерьевна','ПАО ЗДРАВ ГАРАНТ','63950565133/А4','1955-09-16','295048, Республика Крым, г. Симферополь, ул. Балаклавская, 81, кв. 76','+79034767112','03248DF53E'                                                                                                                              ),
 ('Медведев Илья Федорович','ООО СЕРВИС ЗДОРОВЬЕ','44804444028/А8','1988-07-26','302001, город Орёл, ул. 2-я Посадская, д. 4, кв. 34','+79945382880','06DA6F22A1'                                                                                                                                              ),
 ('Метленкин Владислав Евгеньевич','ООО СЕРВИС ЗДОРОВЬЕ','50548615028/А2','1988-09-30','302028 Орловская область г. Орел ул.Ленина д.1','+79790896362','12A7B09718'                                                                                                                                              ),
 ('Мигунов Никита Александрович','ООО ЕВРОСЕТЬ','26578395105/А2','2000-11-04','302040, г. Орел, ул. Красноармейская, д. 1, литера А, помещение 139','+79834716221','037C71141D'                                                                                                                                 ),
 ('Молдобаев Исламбек Султанбекович','ПАО СБЕРБАНК','92008926210/А1','1991-01-06','305018 г. Курск , Элеваторный пер. д.8','+79169747672','144B19D94C'                                                                                                                                                          ),
 ('Овчинников Кирилл Дмитриевич','ООО ПОЛИС ГАРАНТ','70013873527/А5','1974-03-26','305018 г. Курск, ул. Серегина, д.26 а, кв. 206','+79644840669','1532117C5D'                                                                                                                                                 ),
 ('Остапюк Виктор Александрович','ПАО РОСЗДОРОВЬЕ','97415175069/А2','1975-03-15','308024, г. Белгород, ул. Князя Трубецкого, 39/30','+79303599121','003E2211C9'                                                                                                                                                 ),
 ('Подобед Михаил Андреевич','ЗАО ГОРЗДРАВ','87177826316/А2','1968-10-24','344000, Ростовская обл, г. Ростов-на-Дону, ул. Серафимовича, д. 45, кор. 54 а, оф. 10','+79962802221','0F385E743B'                                                                                                                   ),
 ('Привезенцев Георгий Михайлович','ОАО МЕДСЕРВИСK','35853605425/А8','1955-05-20','344116, г. Ростов-на-Дону, ул. Кулагина, 21','+79440458509','0B2DF0097C'                                                                                                                                                      ),
 ('Репьева Наталья Сергеевна','ПАО ЗДРАВ ГАРАНТ','75007482996/А6','1964-04-19','346800, Ростовская область, Мясниковский район, с. Чалтырь, Юго-Восточная промзона, участок 17/1','+79227288422','1512885F2E'                                                                                                    ),
 ('Салихов Алексей Олегович','ООО ЕВРОСЕТЬ','43453951041/А9','1992-07-14','347360, Ростовская область, г. Волгодонск, ул. Пионерская, д. 84/11','+79815282075','0698512AE7'                                                                                                                                      ),
 ('Сахабетдинов Марат Хамисович','ООО ПОЛИС ГАРАНТ','91010144406/А5','1988-04-29','347382, Ростовская область, г. Волгодонск, пер. Яблоневый, дом 9','+79441375174','14AB8EF129'                                                                                                                                ),
 ('Силавский Борис Владимирович','ООО ПОЛИС ГАРАНТ','33729647854/А5','1975-12-29','352916, Краснодарский край, г. Армавир, Северная Промзона','+79680051994','0E147D0660'                                                                                                                                        ),
 ('Сомова Елизавета Владимировна','ОАО СЕМЕЙНАЯ ПОЛИКЛИНИКА','81140598191/А5','1993-04-24','354000 г. Сочи ул. Орджоникидзе, 8, офис 31','+79891427851','006B2BDE35'                                                                                                                                          ),
 ('Тиняков Даниил Юрьевич','ОАО СЕМЕЙНАЯ ПОЛИКЛИНИКА','75626582895/А5','1957-10-10','357207, Ставропольский край, г. Минеральные Воды, ул. 1-я Промышленная, д. 29','+79211922019','11D888775E'                                                                                                                 ),
 ('Чевычелов Павел Михайлович','ПАО РОСЗДОРОВЬЕ','28790699405/А4','1952-02-16','357207, Ставропольский край, г. Минеральные Воды, ул. 1-я Промышленная, д. 29','+79320330750','0CC9F875C5'                                                                                                                       ),
 ('Шмаков Ярослав Сергеевич','ОАО МЕДСЕРВИСK','16324309370/А4','1968-03-03','360000, Кабардино-Балкарская Республика, г. Нальчик, ул. Вологирова, д. 62','+79861580583','08080BA18F'                                                                                                                            ),
 ('Шульга Николай Юрьевич','ПАО СБЕРБАНК','47821436708/А8','1989-09-12','360015, Кабардино-Балкарская Республика, г. Нальчик, ул. Братьев Кушховых 79 А','+79103744874','16EDD5EB1B'                                                                                                                            ),
 ('Бороздин Никита Михайлович','ПАО ЗДРАВ ГАРАНТ','49116476443/А9','1995-04-13','390013 г.Рязань, ул.Вокзальня, д.11','+79146524070','15495EDE62'                                                                                                                                                                ),
 ('Вебер Виктория Александровна','ЗАО ГОРЗДРАВ','89892074112/А2','1953-06-01','392000 Россия, Тамбовская область, г.Тамбов, ул. Коммунальная 21 А','+79944113400','07B7892E2D'                                                                                                                                  ),
 ('Гулан Адриан ','ООО ЕВРОСЕТЬ','60848784171/А7','1997-01-21','400081, г. Волгоград, ул. Новорядская, 58, оф. 2','+79695741855','040D637035'                                                                                                                                                                     ),
 ('Ефремов Александр Сергеевич','ПАО ЗДРАВ ГАРАНТ','90460464990/А5','1968-07-19','400137, г. Волгоград, ул. К.Симонова, 36 Б','+79664650975','0F121C8CF4'                                                                                                                                                      ),
 ('Жиделев Илья Андреевич','ОАО МЕДСЕРВИСK','69549578430/А5','1959-01-23','420021, РТ, Казань, ул. Галиаскара Камала д.41факт. адрес: 420030, РТ Казань, ул. Жуковка, д.2','+79391057216','10F5A7FFDB'                                                                                                        ),
 ('Журкин Павел Алексеевич','ПАО ЗДРАВ ГАРАНТ','78278827807/А9','1965-12-06','420029, Татарстан Респ, Казань г, Сибирский тракт, дом № 34, корпус литер К, оф.6','+79482936126','111A07FFC3'                                                                                                                  ),
 ('Кадосин Антон Алексеевич','ОАО СЕМЕЙНАЯ ПОЛИКЛИНИКА','93513264446/А7','1997-12-24','420034, г.Казань, ул. 2-я Юго-западная, 37-4','+79412641888','03BCB4E724'                                                                                                                                               ),
 ('Кайкова Ирина Викторовна','ЗАО ГОРЗДРАВ','60569166786/А9','1982-09-14','420036, г.Казань, ул.Тэцевская,11','+79008862542','08BFDF189C'                                                                                                                                                                      ),
 ('Калачева Яна Вячеславовна','ОАО СЕМЕЙНАЯ ПОЛИКЛИНИКА','86221634153/А5','1998-01-20','420044, Республика Татарстан, г. Казань, Проспект Ямашева, д. 36','+79830662142','0ACF088527'                                                                                                                             ),
 ('Кривопалова Майя Сергеевна','ООО СЕРВИС ЗДОРОВЬЕ','41089987355/А5','1954-09-24','420057, г. Казань, Ул. Академика Королева, д. 2, помещение 1001Фактический адрес: 420057, г. Казань, ул. Академика Королева, д. 2, помещение 1001','+79451305001','0DA48917C8'                                            ),
 ('Логачева Анна Олеговна','ЗАО ГОРЗДРАВ','11255867536/А4','1962-07-14','420108, г. Казань, ул. Портовая, д. 25А','+79277161879','1399A9B9AF'                                                                                                                                                                  ),
 ('Поздеев Виктор Александрович','ПАО ЗДРАВ ГАРАНТ','25031436615/А8','1958-04-20','420111, г.Казань, ул.Тази Гиззата, д.1В','+79818291182','09DEB8838F'                                                                                                                                                         ),
 ('Руденко Антон Олегович','ПАО СБЕРБАНК','22350164331/А4','1972-12-02','420127, г.Казань,ул.Дементьева 2-б','+79522135149','12873931D6'                                                                                                                                                                       ),
 ('Сичинава Марк Валерьянович','ООО СЕРВИС ЗДОРОВЬЕ','34845108661/А1','1989-10-13','422540, г. Зеленодольск, ул. Партизанская, д. 13. кв. 18','+79980450327','0DF257C43B'                                                                                                                                      ),
 ('Смирнов Глеб Дмитриевич','ООО ЕВРОСЕТЬ','54294880124/А6','1958-07-20','423450, РФ, Республика Татарстан, г. Альметьевск, ул. Гагарина, дом №15','+79017005732','0F773448D0'                                                                                                                                ),
 ('Сыпачев Андрей ','ООО ПОЛИС ГАРАНТ','82029336438/А6','1956-05-27','423457, Республика Татарстан, г. Альметьевск, ул. Гафиатуллина, дом № 43, квартира 49','+79722801394','049199DEA9'                                                                                                                        ),
 ('Сысин Антон Александрович','ПАО СБЕРБАНК','18962079854/А9','1997-10-10','423800, Россия, Республика Татарстан, г. Набережные Челны, пр. Сююмбике, д. 35, кв.','+79336414248','08D26F8049'                                                                                                                     ),
 ('Федотов Николай Андреевич','ПАО ЗДРАВ ГАРАНТ','16013482340/А7','1977-11-01','423800, Россия, Республика Татарстан, г. Набережные Челны, пр. Сююмбике, д. 35, кв. 91А','+79227577178','08C2396B0A'                                                                                                             ),
 ('Филиппов Юрий Сергеевич','ЗАО ГОРЗДРАВ','88317011545/А5','1996-09-19','423800, Россия, Республика Татарстан, г. Набережные Челны, пр. Яшьлек, д. 17, кв. 161','+79278277081','0A4AA4BF2E'                                                                                                                   ),
 ('Шалаев Данил Владимирович','ООО СЕРВИС ЗДОРОВЬЕ','99180541603/А3','1990-02-18','423800, РТ, г. Набережные Челны, Альметьевский тракт, д. 10, помещение 3','+79267449143','06D150130D'                                                                                                                      ),
 ('Шаховцев Даниил ','ОАО МЕДСЕРВИСK','45116085249/А9','1969-11-29','423810, РФ, РТ, г.Набережные Челны, б-р Рубаненко, д.6 (1/07)','+79451788869','0A7C8B83EF'                                                                                                                                                  ),
 ('Щепетильников Даниил Андреевич','ООО ПОЛИС ГАРАНТ','18356919183/А8','1974-05-16','426010, РФ, УР, г. Ижевск, ул. Азина, литер В, кв. 1','+79098664237','151A5DE230'                                                                                                                                            ),
 ('Архипова Дарья Дмитриевна','ООО ПОЛИС ГАРАНТ','82968072161/А3','1979-03-05','426069 г. Ижевск, ул. 6-я Подлесная, 45-64','+79130229791','05D71D4994'                                                                                                                                                         ),
 ('Балашова Дарья Александровна','ОАО СЕМЕЙНАЯ ПОЛИКЛИНИКА','77835270384/А1','1953-04-02','427439, Удмуртская республика, г. Воткинск, ул. Королёва 3-87','+79715876483','05EC7C27C9'                                                                                                                           ),
 ('Биннятов Рамин Афисович','ПАО СБЕРБАНК','55750098580/А4','1997-12-25','443079, г. САмара, ул. Революционная, д. 101','+79672761414','115FA61EFF'                                                                                                                                                             ),
 ('Богодайко Станислав Юрьевич','ООО ЕВРОСЕТЬ','81944233580/А1','1971-05-11','445043, Самарская область, г. Тольятти, Южное шоссе, д.30','+79770694087','155020689D'                                                                                                                                             ),
 ('Бывшев Дмитрий Алексеевич','ПАО ЗДРАВ ГАРАНТ','95032569390/А5','1985-06-12','450005, г.Уфа, ул.8 Мрта,д.12/1, оф.112','+79354438071','0A66A871AC'                                                                                                                                                            ),
 ('Верещагин Николай Михайлович','ОАО МЕДСЕРВИСK','77241556541/А6','1984-03-22','450059, Россия, Республика Башкортостан, г. Уфа, ул. Комсомольская, д. 96/1','+79811872686','0041FCDC7C'                                                                                                                          ),
 ('Еловиков Андрей Андреевич','ПАО ЗДРАВ ГАРАНТ','39275683538/А6','1964-12-10','450078, Республика Башкортостан, г. Уфа, ул. Кирова, 109','+79186753893','03B9C06DF5'                                                                                                                                            ),
 ('Лахин Василий Александрович','ООО ПОЛИС ГАРАНТ','27152177622/А5','1985-09-20','452730, Республика Башкортостан, Благоварский район, с. Благовар, ул. Садовая, д.15','+79252569202','154FC8640E'                                                                                                                 ),
 ('Лопатин Дмитрий Владимирович','ОАО МЕДСЕРВИСK','53577386570/А1','1978-10-24','454000, г. Челябинск, ул. Карла Маркса, 131, оф. 302','+79307197342','02C6F8B26A'                                                                                                                                               ),
 ('Малахов Лев Вениаминович','ОАО СЕМЕЙНАЯ ПОЛИКЛИНИКА','27610316212/А9','1962-10-03','454006, г.Челябинск, ул.Красноармейская, д.27','+79011403397','0D31011F4C'                                                                                                                                                ),
 ('Матвейчук Павел Русланович','ООО ЕВРОСЕТЬ','42008281495/А6','2000-08-20','454007 Челябинск г, Ленина пр-кт, д.13А, офис 11/2','+79370669949','105790C734'                                                                                                                                                     ),
 ('Павлюк Игорь Денисович','ПАО ЗДРАВ ГАРАНТ','86903797970/А6','1994-08-20','454007, Челябинская обл, г. Челябинск, ул. 40-летия Октября, 29А','+79887239333','0200ABA329'                                                                                                                                    ),
 ('Салобай Вадим Олегович','ОАО СЕМЕЙНАЯ ПОЛИКЛИНИКА','77855913696/А1','1993-01-22','183034, г. Мурманск, ул. Транспортная, 7А','+79273390431','00591F72D1'                                                                                                                                                    ),
 ('Силантьев Данила Михайлович','ООО ПОЛИС ГАРАНТ','34417255653/А3','1998-10-25','650010, г. Кемерово, ул. Карболитоская, 1/1, оф. 207','+79039078531','0AE041CE18'                                                                                                                                               ),
 ('Чернышова Арина Игоревна','ООО ЕВРОСЕТЬ','73470118459/А1','1975-05-31','660049, г. Красноярск, ул. Ады Лебедевой, 20, офис 37','+79936959945','05249C7FFD'                                                                                                                                                    ),
 ('Шаева Полина Андреевна','ООО СЕРВИС ЗДОРОВЬЕ','24664433875/А4','1983-12-01','454080, Челябинская обл., г. Челябинск, ул. Энгельса, д. 38, корпус Б','+79175281738','03D508E51C'                                                                                                                                ),
 ('Шкляев Юрий Викторович','ООО СЕРВИС ЗДОРОВЬЕ','17158237335/А4','1961-08-31','142203, Московская область, г. Серпухов, ул. Крупской, д. 10А','+79393748636','0625D40077'                                                                                                                                   ),
 ('Якубов Давид Александрович','ОАО СЕМЕЙНАЯ ПОЛИКЛИНИКА','57153934691/А9','1966-01-14','454007, Челябинская обл, г. Челябинск, ул. 40-летия Октября, 29А','+79127692447','0F6DC14670'                                                                                                                        ),
 ('Терентьев Александр Викторович','ПАО ЗДРАВ ГАРАНТ','56702129317/А6','1993-01-13','660028, г. Красноярск, ул. Телевизорная, 1, стр. 21','+79748674109','0EA77F24E2'                                                                                                                                              );
INSERT INTO employee(fio, position, experien, birthdate, address, pnumber, password)
VALUES
('Алешин Алексей Сергеевич','педиатор',16,'1983-07-27','109145, г. Москва, Жулебинский бульвар, д. 9','+79745317084','10422645BD' ),
('Антошечкин Владислав Михайлович','ортопед',12,'1979-12-11','109202, г. Москва, Рязанский проспект, д. 33','+79390969363','08DB174048' ),
('Бейреш Андрей Михайлович','дерматолог',25,'1998-07-01','111024, Москва, 2-й Кабельный проезд д.1','+79395320142','12BFC8A575' ),
('Данилин Сергей Дмитриевич','лор',16,'1961-07-19','115054, г. Москва, ул. Валовая, д. 28','+79265712425','16064ABEA3' ),
('Дашин Вадим Александрович','лор',10,'1980-06-05','115054, Москва, ул.Валовая, д.28Адрес филиала:198216, Санкт-Петербург,Ленинский проспект, д. 139','+79044054949','0E4AED6F62' ),
('Иванов Никита Михайлович','педиатор',5,'1994-09-10','115088, г. Москва, Машиностроения 2-я ул, дом № 17, строение 1','+79237687743','03E4660CE9' ),
('Киргизбаев Андрей Игоревич','терапевт',5,'1980-11-12','115088, г. Москва, ул. Угрешская, д. 2, стр. 25','+79734678538','0440BDE6C9' ),
('Кузнецова Ирина Александровна','дерматолог',9,'1972-01-03','115088, г. Москва, ул. Шарикоподшипниковская, д. 17','+79686532270','15D4D40F2B' ),
('Магомедова Светлана Магомедовна','инфекционист',13,'1994-04-12','115230, г. Москва, Варшавское шоссе, д. 46','+79783904029','0F54A9F89B' ),
('Мендукшев Валерий Андреевич','лор',16,'1990-06-29','115477 г. Москва, Кантемировская ул., д. 60','+79332259108','05BD87D38E' ),
('Микаев Никита Владимирович','терапевт',17,'1996-07-11','115477, г. Москва, ул. Кантемировская, д. 60','+79644896758','0F0399D9A1' ),
('Мокеев Роман Владимирович','дерматолог',11,'1976-07-30','117105, Москва, Варшавское шоссе, дом 37а, стр.2','+79063086524','08AD32B94E' ),
('Овчинников Александр Игоревич','лор',10,'1967-05-23','117279, г. Москва, ул. Введенского, д. 23А, стр. 3','+79459898144','0F54DD8212' ),
('Поликарпов Кирилл Витальевич','ортопед',24,'1988-08-29','117420, г. Москва, ул. Профсоюзная д. 57, офис 426','+79820423595','1232CC75F2' ),
('Самойлов Илия Олегович','педиатор',9,'1953-12-08','117574, г. Москва, пр. Одоевского, д. 3, корп. 7','+79924940007','071678937D' ),
('Солянов Роман Андреевич','педиатор',18,'1996-08-14','117623, город Москва, ул. Типографская, д. 10','+79059829087','0D808CE31C' ),
('Сухорукова Виктория Сергеевна','терапевт',23,'1959-09-16','119071, г. Москва, ул. Орджоникидзе, д. 12с2','+79436226520','08EC2C5FC2' ),
('Титеева Мария Александровна','лор',10,'1974-08-10','123103 г.Москва наб. Новикова-Прибоя д.14 корп.1','+79361688605','0EC4C781C0' ),
('Титова Кристина Сергеевна','лор',12,'1955-07-21','123103 г.Москва наб. Новикова-Прибоя д.14 корп.1','+79841208850','022343D707' ),
('Устинов Максим Викторович','невролог',24,'1979-09-24','123154, г. Москва, ул. Саляма Адиля, д. 9, кор. 3, помещение i, комната 9','+79913949330','174368659C' ),
('Цынарев Дмитрий Игоревич','регистратура',12,'1964-08-26','142200, Московская область, г. Серпухов, ул. Ворошилова, д. 165В, кв. 28','+79670397961','0608C25364' ),
('Черников Александр Владимирович','регистратура',10,'1998-04-27','142203, Московская область, г. Серпухов, ул. Крупской, д. 10А','+79535594321','12AE284C84' ),
('Комов Иван Валерьевич','регистратура',13,'1955-04-07','142400, Московская область, город Ногинск, ул. Рабочая, 115','+79443404397','00E4EAFAD1' ),
('Корепанова Анна Олеговна','регистратура',6,'1953-05-23','142411, Россия, Московская обл., Ногинский р-н, д. Молзино, ул. Советская, 18-б','+79835635702','0E20078388' ),
('Королев Михаил Геннадьевич','регистратура',15,'1981-01-24','143000, Московская область, г. Одинцово, Можайское шоссе, д. 71, офис 303','+79054606606','101593AE51' );
INSERT INTO medcard 
(regid, crdate, type)
VALUES 
(1,'2009-10-24','Стационарная'  ),
(1,'2009-07-01','Амбулаторная'  ),
(1,'2002-01-11','Специальная'  ),
(4,'2008-08-28','Амбулаторная'  ),
(5,'2018-07-21','Амбулаторная'  ),
(6,'2012-06-08','Амбулаторная'  ),
(7,'2001-10-11','Стационарная'  ),
(8,'2015-12-16','Амбулаторная'  ),
(9,'2009-03-05','Стационарная'  ),
(10,'2017-06-19','Стационарная' ),
(11,'2001-01-29','Стационарная' ),
(12,'2005-01-20','Амбулаторная' ),
(13,'2000-09-10','Стационарная' ),
(14,'2000-01-07','Амбулаторная' ),
(15,'2017-02-14','Стационарная' ),
(16,'2011-09-05','Стационарная' ),
(17,'2014-05-30','Стационарная' ),
(18,'2006-07-03','Амбулаторная' ),
(19,'2012-05-12','Амбулаторная' ),
(20,'2014-01-19','Стационарная' ),
(21,'2011-10-16','Амбулаторная' ),
(22,'2010-04-11','Амбулаторная' ),
(23,'2009-01-02','Амбулаторная' ),
(24,'2005-11-13','Амбулаторная' ),
(25,'2007-11-13','Амбулаторная' ),
(26,'2010-07-25','Амбулаторная' ),
(27,'2011-11-24','Амбулаторная' ),
(28,'2012-04-19','Амбулаторная' ),
(29,'2000-11-13','Амбулаторная' ),
(30,'2010-05-01','Амбулаторная' ),
(31,'2014-05-14','Стационарная' ),
(32,'2011-10-31','Стационарная' ),
(33,'2000-11-01','Стационарная' ),
(34,'2002-11-25','Стационарная' ),
(35,'2012-06-21','Стационарная' ),
(36,'2003-11-04','Амбулаторная' ),
(37,'2012-11-29','Стационарная' ),
(38,'2003-11-13','Амбулаторная' ),
(39,'2013-09-11','Стационарная' ),
(40,'2006-07-21','Амбулаторная' ),
(41,'2007-09-28','Стационарная' ),
(42,'2008-02-28','Амбулаторная' ),
(43,'2007-01-28','Амбулаторная' ),
(44,'2006-10-16','Стационарная' ),
(45,'2000-06-10','Стационарная' ),
(46,'2004-03-25','Стационарная' ),
(47,'2017-09-29','Стационарная' ),
(48,'2005-08-14','Стационарная' ),
(49,'2002-12-16','Стационарная' ),
(50,'2011-05-25','Амбулаторная' ),
(51,'2005-10-06','Амбулаторная' ),
(52,'2009-12-08','Стационарная' ),
(53,'2010-05-23','Стационарная' ),
(54,'2010-07-15','Амбулаторная' ),
(55,'2000-10-20','Амбулаторная' ),
(56,'2003-06-04','Стационарная' ),
(57,'2008-11-08','Амбулаторная' ),
(58,'2003-03-21','Амбулаторная' ),
(59,'2011-07-17','Амбулаторная' ),
(60,'2014-05-29','Стационарная' ),
(61,'2006-01-15','Амбулаторная' ),
(62,'2004-12-27','Амбулаторная' ),
(63,'2018-01-22','Стационарная' ),
(64,'2016-01-29','Амбулаторная' ),
(65,'2000-07-08','Амбулаторная' ),
(66,'2015-01-17','Амбулаторная' ),
(67,'2001-09-24','Стационарная' ),
(68,'2016-10-01','Стационарная' ),
(69,'2009-07-02','Амбулаторная' ),
(70,'2007-11-24','Стационарная' ),
(71,'2016-06-03','Стационарная' ),
(72,'2010-02-08','Стационарная' ),
(73,'2001-10-12','Амбулаторная' ),
(74,'2016-11-20','Стационарная' ),
(75,'2011-10-30','Стационарная' ),
(76,'2013-08-14','Амбулаторная' ),
(77,'2003-07-15','Стационарная' ),
(78,'2014-12-13','Амбулаторная' ),
(79,'2000-08-21','Амбулаторная' ),
(80,'2001-05-22','Амбулаторная' ),
(81,'2017-09-08','Стационарная' ),
(82,'2005-05-16','Амбулаторная' ),
(83,'2017-01-05','Амбулаторная' ),
(84,'2001-08-27','Стационарная' ),
(85,'2014-08-20','Стационарная' ),
(86,'2018-08-17','Стационарная' ),
(87,'2009-03-01','Амбулаторная' ),
(88,'2001-01-09','Стационарная' ),
(89,'2017-09-26','Стационарная' ),
(90,'2000-09-13','Стационарная' ),
(91,'2010-06-11','Амбулаторная' ),
(92,'2011-04-12','Стационарная' ),
(93,'2016-02-23','Стационарная' ),
(94,'2009-03-29','Амбулаторная' ),
(95,'2015-01-12','Амбулаторная' ),
(96,'2011-12-18','Амбулаторная' ),
(97,'2010-04-10','Стационарная' ),
(98,'2003-09-06','Стационарная' ),
(99,'2010-05-19','Стационарная' ),
(100,'2009-08-11','Амбулаторная'),
(101,'2009-11-13','Стационарная'),
(102,'2003-04-15','Амбулаторная'),
(103,'2002-06-15','Амбулаторная'),
(104,'2013-12-03','Стационарная'),
(105,'2006-04-12','Амбулаторная'),
(106,'2004-08-16','Стационарная'),
(107,'2017-04-17','Амбулаторная'),
(108,'2013-09-24','Стационарная'),
(109,'2012-08-13','Стационарная'),
(110,'2008-05-12','Стационарная'),
(111,'2010-09-27','Амбулаторная'),
(112,'2012-11-29','Стационарная'),
(113,'2011-06-26','Амбулаторная'),
(114,'2004-04-07','Стационарная'),
(115,'2016-05-12','Стационарная'),
(116,'2016-06-11','Амбулаторная'),
(117,'2016-12-15','Амбулаторная'),
(118,'2000-12-22','Стационарная'),
(119,'2014-12-01','Амбулаторная'),
(120,'2011-09-27','Стационарная'),
(121,'2002-10-28','Стационарная'),
(122,'2011-01-18','Стационарная'),
(123,'2007-08-19','Амбулаторная'),
(124,'2004-01-09','Амбулаторная'),
(125,'2012-08-13','Стационарная'),
(126,'2006-07-16','Амбулаторная'),
(127,'2003-07-16','Амбулаторная'),
(128,'2015-09-24','Амбулаторная'),
(129,'2014-09-07','Стационарная'),
(130,'2004-04-10','Стационарная'),
(131,'2001-12-05','Амбулаторная'),
(132,'2001-09-25','Стационарная'),
(133,'2001-01-03','Стационарная'),
(134,'2010-05-27','Стационарная'),
(135,'2012-09-18','Амбулаторная'),
(136,'2010-01-03','Амбулаторная'),
(137,'2011-10-23','Амбулаторная'),
(138,'2000-08-16','Стационарная'),
(139,'2006-05-05','Амбулаторная'),
(140,'2007-03-24','Стационарная'),
(141,'2001-03-25','Стационарная'),
(142,'2003-12-26','Стационарная'),
(143,'2005-03-30','Амбулаторная'),
(144,'2014-04-09','Амбулаторная'),
(145,'2017-05-13','Стационарная'),
(146,'2005-12-28','Стационарная'),
(147,'2012-11-13','Стационарная'),
(148,'2017-11-21','Стационарная'),
(149,'2006-08-02','Амбулаторная'),
(150,'2016-01-29','Амбулаторная'),
(151,'2014-10-25','Стационарная'),
(152,'2012-02-06','Амбулаторная'),
(153,'2002-05-21','Стационарная'),
(154,'2012-02-27','Стационарная'),
(155,'2010-04-16','Стационарная'),
(156,'2011-12-07','Стационарная'),
(157,'2010-02-22','Амбулаторная'),
(158,'2016-02-16','Амбулаторная'),
(159,'2006-12-20','Стационарная'),
(160,'2016-09-26','Стационарная'),
(161,'2014-09-13','Стационарная');
INSERT INTO visit
(tabid, cardid, visdate, visgoal)
VALUES 
(5,3,'2016-02-20','Консультация' ),
(20,92,'2018-01-05','Консультация' ),
(10,141,'2014-07-09','Консультация' ),
(7,105,'2016-01-18','Осмотр' ),
(9,9,'2005-10-09','Консультация' ),
(4,73,'2001-09-25','Осмотр' ),
(3,143,'2010-05-29','Консультация' ),
(12,97,'2012-07-09','Осмотр' ),
(12,112,'2011-08-04','Осмотр' ),
(5,103,'2013-04-14','Консультация' ),
(20,156,'2006-12-10','Консультация' ),
(13,136,'2012-03-16','Консультация' ),
(7,19,'2006-08-19','Консультация' ),
(18,44,'2003-06-18','Консультация' ),
(14,10,'2015-03-13','Осмотр' ),
(18,122,'2006-12-11','Консультация' ),
(15,87,'2012-05-18','Осмотр' ),
(8,26,'2009-02-04','Осмотр' ),
(13,67,'2005-07-24','Консультация' ),
(12,98,'2014-12-05','Осмотр' ),
(19,142,'2008-07-30','Осмотр' ),
(19,62,'2016-01-08','Осмотр' ),
(5,61,'2011-03-18','Консультация' ),
(19,9,'2018-03-06','Осмотр' ),
(19,4,'2013-01-11','Консультация' ),
(15,30,'2007-11-22','Консультация' ),
(19,12,'2000-01-30','Осмотр' ),
(13,90,'2011-03-30','Осмотр' ),
(2,97,'2004-11-04','Осмотр' ),
(16,145,'2009-09-20','Консультация' ),
(8,118,'2001-09-28','Осмотр' ),
(5,66,'2002-09-05','Консультация' ),
(16,61,'2003-08-18','Осмотр' ),
(18,62,'2003-09-17','Консультация' ),
(2,52,'2013-11-12','Консультация' ),
(15,78,'2005-08-14','Консультация' ),
(5,158,'2011-03-08','Консультация' ),
(12,129,'2003-06-23','Осмотр' ),
(13,56,'2010-05-15','Консультация' ),
(13,138,'2011-02-14','Осмотр' ),
(12,49,'2001-02-05','Осмотр' ),
(3,135,'2006-01-21','Осмотр' ),
(13,53,'2013-01-04','Консультация' ),
(1,41,'2005-10-01','Консультация' ),
(13,77,'2013-03-13','Консультация' ),
(15,123,'2015-12-08','Консультация' ),
(3,96,'2011-04-20','Консультация' ),
(5,59,'2007-08-13','Осмотр' ),
(13,66,'2011-06-12','Консультация' ),
(6,70,'2014-07-21','Осмотр' ),
(5,21,'2004-03-08','Осмотр' ),
(18,66,'2009-04-08','Консультация' ),
(18,28,'2011-04-24','Консультация' ),
(15,141,'2017-04-16','Осмотр' ),
(6,116,'2002-09-05','Консультация' ),
(18,145,'2015-01-14','Осмотр' ),
(5,138,'2016-10-31','Осмотр' ),
(4,54,'2003-07-09','Консультация' ),
(18,32,'2005-03-10','Осмотр' ),
(17,1,'2001-09-16','Консультация' ),
(5,111,'2010-01-20','Консультация' ),
(17,42,'2006-12-24','Консультация' ),
(11,69,'2010-07-16','Осмотр' ),
(5,23,'2018-08-18','Осмотр' ),
(20,103,'2005-10-25','Осмотр' ),
(9,9,'2012-06-27','Осмотр' ),
(18,35,'2017-01-05','Консультация' ),
(20,23,'2002-05-03','Осмотр' ),
(11,15,'2008-08-03','Осмотр' ),
(9,145,'2003-08-16','Консультация' ),
(3,51,'2003-02-16','Осмотр' ),
(4,5,'2013-12-27','Консультация' ),
(19,11,'2014-05-15','Консультация' ),
(7,54,'2011-05-06','Осмотр' ),
(2,7,'2015-05-13','Осмотр' ),
(7,88,'2012-09-14','Осмотр' ),
(13,41,'2010-12-29','Осмотр' ),
(11,151,'2011-03-02','Консультация' ),
(1,42,'2006-08-28','Консультация' ),
(10,100,'2002-05-14','Осмотр' ),
(20,150,'2011-03-08','Осмотр' ),
(4,30,'2004-06-02','Осмотр' ),
(17,9,'2004-02-07','Консультация' ),
(13,134,'2014-09-22','Консультация' ),
(15,101,'2003-03-01','Консультация' ),
(3,92,'2010-04-03','Консультация' ),
(17,115,'2017-01-24','Осмотр' ),
(14,102,'2008-01-08','Консультация' ),
(13,67,'2008-04-19','Консультация' ),
(9,76,'2000-05-05','Консультация' ),
(9,155,'2018-09-22','Консультация' ),
(19,125,'2011-07-10','Консультация' ),
(13,81,'2003-11-22','Консультация' ),
(7,19,'2012-06-24','Консультация' ),
(14,154,'2006-07-25','Консультация' ),
(17,101,'2015-04-10','Осмотр' ),
(2,16,'2018-11-18','Консультация' ),
(6,51,'2015-07-12','Осмотр' ),
(15,16,'2009-09-30','Осмотр' ),
(1,46,'2002-09-17','Консультация' ),
(12,46,'2003-11-12','Консультация' ),
(14,93,'2004-12-12','Осмотр' ),
(1,58,'2015-06-29','Консультация' ),
(8,52,'2004-02-13','Осмотр' ),
(18,116,'2010-06-14','Осмотр' ),
(1,89,'2014-05-26','Осмотр' ),
(11,28,'2002-08-06','Консультация' ),
(18,6,'2017-11-26','Осмотр' ),
(4,146,'2015-12-28','Осмотр' ),
(16,143,'2006-04-07','Консультация' ),
(20,80,'2018-09-30','Консультация' ),
(14,34,'2011-08-02','Консультация' ),
(6,157,'2006-01-25','Осмотр' ),
(2,34,'2011-05-15','Консультация' ),
(15,114,'2007-03-01','Консультация' ),
(5,87,'2005-10-23','Осмотр' ),
(8,35,'2012-01-10','Осмотр' ),
(10,136,'2002-02-20','Осмотр' ),
(5,151,'2013-03-19','Осмотр' ),
(4,13,'2000-06-19','Осмотр' ),
(11,42,'2011-01-09','Консультация' ),
(6,92,'2011-09-24','Консультация' ),
(15,98,'2007-09-12','Консультация' ),
(8,93,'2017-08-19','Осмотр' ),
(8,95,'2007-06-23','Консультация' ),
(20,140,'2010-04-16','Консультация' ),
(13,62,'2016-05-15','Осмотр' ),
(9,119,'2017-11-17','Осмотр' ),
(8,155,'2012-06-08','Консультация' ),
(6,45,'2011-10-11','Осмотр' ),
(11,15,'2002-12-19','Консультация' ),
(20,142,'2002-10-04','Осмотр' ),
(3,83,'2004-04-21','Осмотр' ),
(12,75,'2002-12-26','Осмотр' ),
(2,139,'2003-12-26','Осмотр' ),
(13,12,'2008-05-30','Консультация' ),
(9,21,'2000-02-25','Консультация' ),
(15,12,'2002-02-18','Осмотр' ),
(5,61,'2011-02-21','Осмотр' ),
(14,160,'2002-01-29','Консультация' ),
(1,40,'2009-06-10','Осмотр' ),
(12,88,'2004-05-17','Осмотр' ),
(5,45,'2008-07-05','Осмотр' ),
(5,58,'2013-09-17','Консультация' ),
(18,130,'2015-10-18','Осмотр' ),
(13,42,'2013-05-29','Консультация' ),
(5,105,'2014-12-10','Осмотр' ),
(12,115,'2012-01-30','Осмотр' ),
(7,32,'2017-07-08','Консультация' ),
(8,96,'2004-04-22','Консультация' ),
(10,95,'2005-10-08','Осмотр' ),
(7,46,'2018-01-16','Осмотр' ),
(13,32,'2007-12-08','Осмотр' ),
(9,31,'2014-08-13','Консультация' ),
(3,10,'2004-02-20','Осмотр' ),
(4,55,'2004-02-23','Осмотр' ),
(17,76,'2017-04-07','Консультация' ),
(6,61,'2007-03-18','Консультация' ),
(17,136,'2007-12-18','Консультация' ),
(18,57,'2009-09-19','Осмотр' ),
(14,151,'2007-03-30','Осмотр' ),
(3,118,'2001-09-02','Осмотр' ),
(14,158,'2018-02-15','Осмотр' ),
(17,55,'2001-02-16','Осмотр' ),
(9,6,'2009-06-27','Осмотр' ),
(6,17,'2009-08-30','Консультация' ),
(1,157,'2003-05-29','Осмотр' ),
(1,3,'2007-05-18','Консультация' ),
(13,117,'2010-06-08','Консультация' ),
(18,41,'2000-05-06','Осмотр' ),
(17,59,'2011-12-09','Осмотр' ),
(6,101,'2002-06-01','Консультация' ),
(19,21,'2001-09-10','Консультация' ),
(10,52,'2018-06-09','Консультация' ),
(16,74,'2009-05-21','Осмотр' ),
(1,145,'2009-07-20','Осмотр' ),
(15,65,'2016-04-12','Осмотр' ),
(15,127,'2016-09-25','Консультация' ),
(15,130,'2010-05-19','Осмотр' ),
(16,123,'2000-10-24','Консультация' ),
(8,4,'2003-05-07','Консультация' ),
(17,102,'2001-03-11','Осмотр' ),
(9,159,'2014-01-25','Осмотр' ),
(16,53,'2000-09-19','Осмотр' ),
(8,49,'2002-10-06','Осмотр' ),
(15,161,'2013-06-09','Осмотр' ),
(2,39,'2008-02-13','Консультация' ),
(18,20,'2011-11-09','Консультация' ),
(13,36,'2006-08-14','Консультация' ),
(5,20,'2013-03-25','Осмотр' ),
(7,9,'2014-08-31','Осмотр' ),
(13,102,'2000-09-19','Осмотр' ),
(8,88,'2004-09-21','Осмотр' ),
(5,149,'2011-10-07','Консультация' ),
(3,120,'2011-05-01','Осмотр' ),
(6,91,'2002-09-19','Консультация' ),
(1,43,'2013-09-08','Осмотр' ),
(13,66,'2011-01-29','Консультация' ),
(7,159,'2001-03-15','Консультация' ),
(15,2,'2018-11-16','Консультация' ),
(4,83,'2000-02-10','Консультация' ),
(19,9,'2008-10-05','Осмотр' ),
(19,88,'2002-10-11','Консультация' ),
(11,42,'2015-03-21','Осмотр' ),
(3,123,'2009-01-02','Консультация' ),
(8,64,'2005-06-12','Осмотр' ),
(10,71,'2005-10-13','Консультация' ),
(4,73,'2013-08-11','Осмотр' ),
(11,112,'2002-03-17','Осмотр' ),
(18,95,'2017-07-21','Осмотр' ),
(1,43,'2010-03-06','Осмотр' ),
(19,116,'2015-06-22','Осмотр' ),
(5,72,'2003-01-03','Осмотр' ),
(19,147,'2006-09-16','Консультация' ),
(11,117,'2003-01-27','Осмотр' ),
(5,35,'2013-01-12','Осмотр' ),
(16,158,'2012-07-26','Осмотр' ),
(5,161,'2006-05-30','Консультация' ),
(14,62,'2016-07-26','Консультация' ),
(5,95,'2010-10-27','Консультация' ),
(5,88,'2007-10-18','Консультация' ),
(17,50,'2013-09-20','Консультация' ),
(10,44,'2013-12-10','Осмотр' ),
(7,104,'2006-05-07','Консультация' ),
(15,17,'2018-10-12','Осмотр' ),
(8,21,'2013-07-04','Консультация' ),
(3,126,'2013-04-02','Осмотр' ),
(13,130,'2001-08-30','Консультация' ),
(10,1,'2010-03-18','Осмотр' ),
(5,33,'2013-07-22','Осмотр' ),
(15,28,'2017-02-19','Консультация' ),
(8,114,'2002-05-28','Консультация' ),
(14,129,'2003-03-04','Консультация' ),
(1,27,'2008-08-23','Осмотр' ),
(9,29,'2008-04-28','Осмотр' ),
(11,125,'2009-03-23','Консультация' ),
(1,22,'2001-08-25','Осмотр' ),
(3,13,'2003-04-01','Осмотр' ),
(6,131,'2015-11-14','Консультация' ),
(12,60,'2009-12-14','Консультация' ),
(13,82,'2002-02-05','Осмотр' ),
(5,3,'2011-04-30','Осмотр' ),
(7,148,'2014-07-14','Консультация' ),
(8,37,'2018-10-29','Осмотр' ),
(11,155,'2016-08-06','Консультация' ),
(6,127,'2009-11-14','Консультация' ),
(18,90,'2002-05-26','Консультация' ),
(1,71,'2014-12-02','Консультация' ),
(19,156,'2018-01-09','Консультация' ),
(18,60,'2012-03-25','Осмотр' ),
(18,51,'2001-03-09','Консультация' ),
(20,74,'2002-06-25','Осмотр' ),
(5,51,'2017-12-08','Консультация' ),
(7,75,'2001-10-20','Консультация' ),
(2,56,'2000-01-03','Осмотр' ),
(10,60,'2003-09-16','Осмотр' ),
(9,86,'2006-07-05','Осмотр' ),
(20,90,'2011-12-19','Консультация' ),
(7,64,'2008-06-23','Консультация' ),
(13,91,'2015-09-01','Консультация' ),
(4,76,'2011-05-19','Консультация' ),
(3,33,'2010-10-08','Консультация' ),
(13,21,'2017-07-08','Консультация' ),
(5,143,'2000-10-15','Консультация' ),
(5,132,'2000-10-10','Осмотр' ),
(13,113,'2011-04-04','Консультация' ),
(3,161,'2011-07-28','Осмотр' ),
(1,8,'2007-10-01','Консультация' ),
(14,125,'2008-06-11','Консультация' ),
(11,11,'2013-08-07','Осмотр' ),
(9,122,'2013-07-08','Консультация' ),
(6,88,'2004-10-31','Осмотр' ),
(7,16,'2008-10-05','Осмотр' ),
(12,89,'2018-09-22','Осмотр' ),
(17,62,'2018-01-24','Консультация' ),
(15,25,'2016-02-06','Осмотр' ),
(20,33,'2018-10-23','Консультация' ),
(14,121,'2004-05-28','Консультация' ),
(12,128,'2016-01-04','Осмотр' ),
(2,49,'2008-10-04','Осмотр' ),
(7,102,'2016-04-03','Консультация' ),
(5,117,'2010-04-21','Консультация' ),
(9,44,'2006-12-07','Консультация' ),
(2,146,'2018-01-02','Консультация' ),
(1,118,'2002-12-22','Осмотр' ),
(9,130,'2010-05-06','Консультация' ),
(18,133,'2018-03-17','Осмотр' ),
(4,94,'2016-09-01','Осмотр' ),
(11,113,'2013-06-18','Консультация' ),
(10,110,'2012-01-19','Осмотр' ),
(7,136,'2008-11-01','Консультация' ),
(17,137,'2002-06-08','Консультация' ),
(1,117,'2013-01-22','Консультация' ),
(13,124,'2013-06-21','Консультация' ),
(5,40,'2012-06-13','Консультация' ),
(6,15,'2012-06-30','Консультация' ),
(3,93,'2007-04-02','Осмотр' ),
(16,137,'2013-04-30','Осмотр' ),
(20,36,'2012-09-01','Осмотр' ),
(4,9,'2011-07-11','Осмотр' ),
(7,58,'2012-07-10','Консультация' ),
(1,103,'2014-06-26','Осмотр' ),
(16,136,'2002-07-04','Консультация' ),
(14,26,'2017-02-27','Консультация' ),
(5,78,'2003-03-29','Осмотр' ),
(16,5,'2006-05-11','Консультация' ),
(11,159,'2012-08-06','Консультация' ),
(20,63,'2001-05-09','Осмотр' ),
(7,147,'2012-12-19','Осмотр' ),
(4,96,'2018-01-31','Осмотр' ),
(1,69,'2003-07-20','Консультация' ),
(4,159,'2007-01-02','Консультация' ),
(20,106,'2008-09-27','Консультация' ),
(18,83,'2011-06-09','Осмотр' ),
(4,36,'2006-03-20','Осмотр' ),
(10,142,'2011-01-09','Осмотр' ),
(19,73,'2009-09-22','Осмотр' ),
(2,110,'2018-03-01','Осмотр' ),
(3,18,'2006-04-11','Консультация' ),
(18,67,'2003-09-07','Консультация' ),
(12,53,'2013-04-09','Консультация' ),
(12,107,'2002-09-27','Осмотр' ),
(15,28,'2014-03-26','Осмотр' ),
(14,28,'2011-10-28','Консультация' ),
(12,60,'2012-02-09','Осмотр' ),
(3,71,'2001-12-29','Консультация' ),
(18,157,'2009-07-07','Консультация' ),
(8,107,'2006-12-02','Осмотр' ),
(6,46,'2017-12-11','Консультация' ),
(10,47,'2003-11-26','Консультация' ),
(7,28,'2002-10-22','Осмотр' ),
(4,21,'2016-07-13','Осмотр' ),
(17,100,'2008-10-20','Осмотр' ),
(11,29,'2008-09-28','Осмотр' ),
(11,66,'2016-01-26','Консультация' ),
(6,56,'2017-05-04','Осмотр' ),
(7,149,'2009-05-22','Консультация' ),
(15,53,'2000-05-02','Осмотр' ),
(18,85,'2014-05-31','Консультация' ),
(8,24,'2006-12-14','Консультация' ),
(2,128,'2003-08-12','Консультация' ),
(15,104,'2018-02-25','Осмотр' ),
(3,36,'2009-12-23','Консультация' ),
(11,121,'2007-03-20','Консультация' ),
(15,135,'2018-06-24','Консультация' ),
(16,116,'2000-02-17','Осмотр' ),
(19,146,'2008-03-15','Осмотр' ),
(17,85,'2014-07-05','Осмотр' ),
(20,122,'2017-03-21','Осмотр' ),
(14,2,'2014-05-19','Осмотр' ),
(3,146,'2005-08-16','Консультация' ),
(3,156,'2015-07-08','Консультация' ),
(19,114,'2005-03-20','Консультация' ),
(18,124,'2006-01-16','Консультация' ),
(7,53,'2012-05-29','Консультация' ),
(16,107,'2004-03-02','Осмотр' ),
(9,23,'2003-06-01','Консультация' ),
(1,107,'2005-10-02','Осмотр' ),
(11,105,'2005-08-13','Осмотр' ),
(3,76,'2015-01-07','Консультация' ),
(2,108,'2001-10-17','Консультация' ),
(1,136,'2004-02-15','Осмотр' ),
(18,33,'2003-01-27','Консультация' ),
(7,47,'2014-12-18','Осмотр' ),
(20,148,'2006-02-22','Консультация' ),
(13,21,'2009-07-24','Осмотр' ),
(1,158,'2018-01-12','Осмотр' ),
(8,92,'2018-10-04','Осмотр' ),
(14,96,'2016-03-26','Осмотр' ),
(1,67,'2014-11-20','Осмотр' ),
(10,13,'2004-01-06','Консультация' ),
(6,38,'2016-01-31','Консультация' ),
(20,19,'2011-03-05','Консультация' ),
(17,74,'2015-05-06','Осмотр' ),
(6,106,'2014-06-12','Консультация' ),
(19,133,'2002-12-01','Осмотр' ),
(6,40,'2016-02-27','Осмотр' ),
(13,153,'2009-07-01','Осмотр' ),
(8,86,'2012-02-23','Консультация' ),
(4,46,'2014-06-08','Консультация' ),
(16,86,'2018-12-01','Консультация' ),
(9,77,'2013-10-11','Консультация' ),
(13,43,'2015-05-13','Консультация' ),
(4,147,'2005-03-14','Консультация' ),
(5,92,'2003-09-15','Осмотр' ),
(19,159,'2000-11-18','Осмотр' ),
(3,150,'2011-02-19','Консультация' ),
(2,47,'2013-06-02','Осмотр' ),
(10,27,'2012-02-17','Осмотр' ),
(16,80,'2004-11-10','Консультация' ),
(5,123,'2008-07-26','Консультация' ),
(8,69,'2011-06-03','Консультация' ),
(18,72,'2014-09-26','Осмотр' ),
(11,101,'2014-03-19','Консультация' ),
(9,37,'2017-09-01','Консультация' ),
(10,109,'2016-05-14','Консультация' ),
(9,138,'2010-12-23','Осмотр' ),
(11,22,'2001-02-07','Осмотр' ),
(13,144,'2004-04-29','Консультация' ),
(20,142,'2017-05-30','Осмотр' ),
(5,112,'2012-07-25','Осмотр' ),
(13,42,'2007-03-09','Консультация' ),
(2,77,'2000-02-15','Консультация' ),
(4,101,'2004-06-30','Осмотр' ),
(18,154,'2012-03-05','Осмотр' ),
(5,93,'2012-10-14','Осмотр' ),
(7,150,'2016-06-20','Осмотр' ),
(13,78,'2012-06-18','Консультация' ),
(15,115,'2014-11-20','Осмотр' ),
(11,139,'2007-08-24','Осмотр' ),
(13,38,'2014-06-19','Осмотр' ),
(7,55,'2005-12-17','Осмотр' ),
(5,36,'2002-02-09','Консультация' ),
(7,154,'2018-06-29','Консультация' ),
(19,102,'2013-09-10','Осмотр' ),
(19,104,'2004-01-11','Осмотр' ),
(19,19,'2018-09-25','Осмотр' ),
(8,128,'2016-12-28','Консультация' ),
(10,80,'2011-06-10','Осмотр' ),
(14,144,'2002-06-30','Осмотр' ),
(9,33,'2008-05-29','Консультация' ),
(12,36,'2008-05-19','Осмотр' ),
(1,148,'2001-04-14','Осмотр' ),
(4,159,'2013-07-19','Осмотр' ),
(4,103,'2004-04-15','Осмотр' ),
(4,152,'2005-01-06','Консультация' ),
(15,156,'2001-08-19','Осмотр' ),
(13,117,'2018-09-27','Осмотр' ),
(12,74,'2011-02-04','Осмотр' ),
(15,57,'2017-01-06','Консультация' ),
(14,160,'2015-04-02','Консультация' ),
(10,4,'2015-11-08','Консультация' ),
(15,6,'2001-10-17','Консультация' ),
(3,24,'2008-11-24','Консультация' ),
(18,15,'2010-05-07','Осмотр' ),
(10,153,'2003-03-08','Осмотр' ),
(17,41,'2012-01-12','Осмотр' ),
(10,151,'2010-06-08','Консультация' ),
(8,106,'2007-10-13','Осмотр' ),
(3,159,'2012-01-28','Осмотр' ),
(12,133,'2013-11-07','Осмотр' ),
(20,72,'2002-09-10','Консультация' ),
(3,144,'2000-05-09','Консультация' ),
(8,119,'2010-06-29','Консультация' ),
(13,154,'2017-10-15','Осмотр' ),
(2,154,'2011-08-25','Консультация' ),
(17,19,'2016-02-17','Осмотр' ),
(5,89,'2006-06-19','Осмотр' ),
(14,34,'2001-03-30','Консультация' ),
(11,13,'2003-01-31','Осмотр' ),
(20,94,'2009-04-19','Осмотр' ),
(14,71,'2007-11-25','Осмотр' ),
(5,145,'2006-08-20','Осмотр' ),
(19,116,'2017-11-28','Консультация' ),
(1,141,'2011-03-05','Консультация' ),
(7,25,'2001-12-19','Консультация' ),
(10,132,'2010-07-19','Консультация' ),
(11,61,'2009-08-13','Осмотр' ),
(5,54,'2013-12-17','Осмотр' ),
(16,22,'2012-06-08','Консультация' ),
(9,43,'2001-09-17','Осмотр' ),
(5,21,'2001-03-15','Консультация' ),
(8,137,'2002-10-20','Осмотр' ),
(15,76,'2008-01-06','Консультация' ),
(18,159,'2012-04-09','Осмотр' ),
(15,135,'2000-03-23','Осмотр' ),
(4,42,'2006-06-23','Осмотр' ),
(19,51,'2007-07-17','Консультация' ),
(8,119,'2016-06-11','Консультация' ),
(17,109,'2011-06-06','Консультация' ),
(15,89,'2001-06-23','Осмотр' ),
(19,19,'2016-11-03','Осмотр' ),
(11,58,'2006-03-03','Осмотр' ),
(5,52,'2014-05-10','Консультация' ),
(5,114,'2017-12-22','Консультация' ),
(4,78,'2010-04-15','Консультация' ),
(19,97,'2000-04-11','Консультация' ),
(18,89,'2010-01-02','Осмотр' ),
(2,56,'2014-10-04','Осмотр' ),
(7,50,'2014-09-26','Консультация' ),
(17,156,'2001-07-30','Осмотр' ),
(8,37,'2008-10-27','Консультация' ),
(13,82,'2004-06-23','Консультация' ),
(6,73,'2009-08-28','Осмотр' ),
(15,153,'2008-01-29','Осмотр' ),
(17,119,'2011-02-15','Консультация' ),
(8,48,'2018-07-15','Консультация' ),
(13,82,'2010-09-12','Консультация' ),
(19,36,'2014-07-30','Консультация' ),
(11,105,'2013-06-21','Консультация' ),
(13,48,'2007-02-12','Консультация' ),
(17,158,'2005-12-14','Осмотр' ),
(19,153,'2001-05-28','Консультация' ),
(12,66,'2009-06-26','Консультация' ),
(18,8,'2004-04-25','Консультация' ),
(16,147,'2016-10-13','Осмотр' ),
(6,35,'2017-04-13','Осмотр' ),
(12,66,'2014-07-22','Консультация' ),
(20,68,'2010-07-15','Осмотр' ),
(12,62,'2001-03-03','Осмотр' );
INSERT INTO analysis
(tabid, cardid, passdate, type, result)
VALUES
(15,76,'2013-09-04','Риноскопия','Реакция PH слабая'),
(11,150,'2013-07-19','Фарингоскопия','отрицательный'),
(2,54,'2005-08-28','Ларингоскопия','Общий холестерин <400 ммоль/л '),
(12,99,'2005-05-26','Введение лекарственных средств при заболеваниях органов зрения','положительный'),
(16,23,'2000-09-23','Отоскопия','Общий холестерин <400 ммоль/л '),
(6,35,'2001-12-23','Портативная синускопия (УЗ исследование пазух носа)','положительный'),
(20,125,'2001-08-06','Прием,конс. врача-пульмонолога,л/д,перв.,амб.','Реакция PH слабая'),
(4,148,'2008-10-28','Прием; конс. врача-уролога, ДМН, первичный','Реакция PH слабая'),
(15,66,'2003-02-23','Прием; конс. врача-уролога, ДМН, повторный','Общий холестерин <400 ммоль/л '),
(15,85,'2002-04-27','Прием;конс.врача-пульмонолога,л/д,повт.амб.','отрицательный'),
(14,53,'2016-07-19','Прием; конс.врача-нефролога л/д, перв., амб.','Альбумины 80-85 ммоль/л'),
(16,81,'2007-01-31','Прием; конс.врача-нефролога л/д, повт., амб.','Белок общий 60-65 г/л'),
(7,128,'2012-05-25','Консультация врача функциональной диагностики, перв., амб.','положительный'),
(19,71,'2014-04-07','Консультация врача функциональной диагностики, повт., амб.','Реакция PH слабая'),
(3,24,'2001-03-18','Прием врача - консультанта','Белок общий 60-65 г/л'),
(6,57,'2014-10-17','Прием врача - консультанта, на дому','Альбумины 80-85 ммоль/л'),
(10,82,'2012-11-30','Скорость оседания эритроцитов','Реакция PH сильная'),
(15,48,'2006-05-31','Определение гемоглобина','Альбумины 80-85 ммоль/л'),
(8,7,'2010-02-22','Подсчет количества эритроцитов','Реакция PH слабая'),
(5,120,'2013-05-20','Подсчет общего количества лейкоцитов','отрицательный'),
(13,37,'2015-06-19','Лейкоцитарная формула','Биллирубин прямой 2-3 мкмоль/г'),
(6,86,'2011-12-17','Подсчет количества ретикулоцитов','положительный'),
(7,24,'2000-04-29','Подсчет количества тромбоцитов','Реакция PH сильная'),
(15,106,'2009-01-28','Анализ крови (L; СОЭ;Нв)','Реакция PH сильная'),
(15,56,'2012-03-06','Ан.крови кл. (L; L-формула; Нв; эритроц. СОЭ)','Реакция PH слабая'),
(1,83,'2013-03-22','Ан.крови разверн. : клин +тромб+ ретик+ цв. Пок','положительный'),
(7,51,'2009-11-16','Время свертываемости','Альбумины 80-85 ммоль/л'),
(18,91,'2007-06-19','Время кровотечения','Белок общий 60-65 г/л'),
(2,106,'2017-09-09','Анализ на малярию - толстая капля','Альбумины 80-85 ммоль/л'),
(9,43,'2017-04-07','Обнаружение LE-клеток (красная волчанка)','отрицательный'),
(18,77,'2001-09-29','Забор крови из пальца','Биллирубин прямой 2-3 мкмоль/г'),
(13,149,'2012-09-17','Анализ мочи общий','Белок общий 60-65 г/л'),
(7,21,'2000-08-04','Исследование физических свойств мочи','Реакция PH сильная'),
(5,76,'2001-02-20','Определение глюкозы в моче ( в т.ч. суточной )','Общий холестерин <400 ммоль/л '),
(20,80,'2013-04-10','Определение белка в моче ( в т.ч. суточной )','отрицательный'),
(10,155,'2012-03-06','Определение кетоновых тел в моче','Реакция PH слабая'),
(9,31,'2006-04-15','Определение билирубина в моче','отрицательный'),
(18,92,'2004-09-06','Микроскопическое исследование осадка мочи','Альбумины 80-85 ммоль/л'),
(14,82,'2016-11-28','Анализ мочи по Нечипоренко','отрицательный'),
(7,142,'2005-10-13','Анализ мочи по Зимницкому','положительный'),
(9,148,'2003-09-29','Определение крови в моче','Реакция PH слабая'),
(13,50,'2015-04-13','Анализ мочи в 2-х порциях на осадок','Реакция PH слабая'),
(7,12,'2008-03-15','Микроальбуминурия в разовой порции мочи','положительный'),
(4,155,'2014-11-26','Метанефрин в моче','Реакция PH слабая'),
(11,117,'2001-07-17','Норметанефрин в моче','положительный'),
(20,7,'2011-11-03','Общий анализ кала','Общий холестерин <400 ммоль/л '),
(19,22,'2008-11-05','Определение физических свойств кала','Биллирубин прямой 2-3 мкмоль/г'),
(20,137,'2009-04-14','Анализ кала на яйца глистов (бактериоскоп)','отрицательный'),
(2,40,'2010-03-19','Анализ кала на скрытую кровь','Альбумины 80-85 ммоль/л'),
(14,62,'2009-10-08','Анализ кала на стеркобилин','Реакция PH слабая'),
(14,36,'2009-01-17','Микроскопическое исследование кала на простейшие','отрицательный'),
(8,72,'2008-10-22','Исследование материала на энтеробиоз','положительный'),
(6,116,'2012-04-20','Исследование отделяемого из уретры','Реакция PH слабая'),
(13,118,'2016-10-31','Исследование сока простаты','Реакция PH сильная'),
(2,143,'2018-10-14','Исследование спермы','отрицательный'),
(7,54,'2012-03-21','Анализ мокроты общий','Белок общий 60-65 г/л'),
(10,77,'2000-11-15','Исследование гинекологического мазка ( 1 точка)','положительный'),
(1,131,'2003-08-07','Цитологич. Исследование гинекологич. Мазков ( 1 точка)','Общий холестерин <400 ммоль/л '),
(18,129,'2016-05-08','Бактериоскопия слизи зева, носа, глаз','отрицательный'),
(17,126,'2016-06-05','Исследование на патогенные грибы','Реакция PH слабая'),
(4,156,'2017-05-22','Исследование материала на обнаружение Demodex','отрицательный'),
(10,100,'2010-01-07','Циттологическое исследование пищевода,желудка, двенадцатиперстной кишки на H.Pilory (в отпечатке)','Реакция PH сильная'),
(9,114,'2006-06-25','Цитологическое исследование пунктатов','Альбумины 80-85 ммоль/л'),
(2,133,'2007-05-06','Определение альбумина','Реакция PH слабая'),
(7,83,'2002-08-11','Определение общего белка','Реакция PH слабая'),
(6,18,'2003-12-14','Определение белковых фракций','Реакция PH сильная'),
(18,71,'2011-11-20','Определение креатинина','Реакция PH слабая'),
(15,68,'2011-10-21','Определение мочевины','Альбумины 80-85 ммоль/л'),
(8,106,'2007-08-02','Определение мочевой кислоты','Реакция PH сильная'),
(3,61,'2018-10-05','Определение общего холестерина','Общий холестерин <400 ммоль/л '),
(1,90,'2005-11-03','Определение а- холестерина - (ХЛВП)','Белок общий 60-65 г/л'),
(8,41,'2016-01-23','Определение в- холестерина-( ХЛНП)','Альбумины 80-85 ммоль/л'),
(5,86,'2004-01-26','Определение триглицеридов','Белок общий 60-65 г/л'),
(12,14,'2009-05-28','Определение глюкозы в крови (капиллярная)','Реакция PH сильная'),
(10,36,'2012-01-12','Определение глюкозы в крови (венозная)','Биллирубин прямой 2-3 мкмоль/г'),
(3,7,'2002-12-21','Гликемический профиль (4 процедуры)','Реакция PH сильная'),
(4,132,'2005-02-14','Тест толерантности к глюкозе','Биллирубин прямой 2-3 мкмоль/г'),
(9,127,'2007-08-20','Определение общего билирубина в крови','отрицательный'),
(7,97,'2008-06-20','Определение билирубина связанного','Реакция PH сильная'),
(17,63,'2001-12-27','Определение K/Na/Cl','Реакция PH сильная'),
(16,151,'2007-01-01','Определение общего кальция в крови','Реакция PH сильная'),
(10,161,'2011-10-28','Определение магния в крови','Альбумины 80-85 ммоль/л'),
(3,152,'2002-06-13','Определение железа в сыворотке крови','Реакция PH сильная'),
(12,77,'2003-03-07','Определение неорганического фосфора в сыворотке крови','положительный'),
(12,90,'2016-12-28','Исследование на железосвяз.способность крови','Белок общий 60-65 г/л'),
(12,140,'2003-10-27','Фибриноген','Белок общий 60-65 г/л'),
(7,64,'2012-03-28','АЧТВ-активир.част.-тромбопластин.вр в крови','Общий холестерин <400 ммоль/л '),
(2,78,'2017-10-23','Протромбин','положительный'),
(10,66,'2016-08-22','Тромбиновое время','Реакция PH сильная'),
(12,55,'2009-08-15','Определение альфа-Амилазы в сыворотке крови','Биллирубин прямой 2-3 мкмоль/г'),
(17,1,'2010-06-30','Определение альфа-Амилазы (панкреат.) в крови','отрицательный'),
(9,132,'2009-09-19','Определение аспартат-аминотрансферазы(АСТ)','Альбумины 80-85 ммоль/л'),
(8,81,'2008-10-26','Аланин аминотрансфераза (АЛТ)','Реакция PH сильная'),
(12,37,'2018-08-12','Гамма глютамилтрансфераза /ГГТ/','отрицательный'),
(16,127,'2016-01-08','Креатинкиназа /КК/','Реакция PH сильная'),
(5,131,'2000-07-04','Изоферменты КК (МВ и ВВ)','Общий холестерин <400 ммоль/л '),
(19,53,'2015-07-12','Лактат дегидрогеназа ЛДГ','отрицательный'),
(7,110,'2002-03-21','Опр.изофермен.лактатдегидрогеназы(HBDH)','отрицательный'),
(8,151,'2018-05-29','Липаза в крови','Альбумины 80-85 ммоль/л'),
(12,74,'2008-03-09','Определение кислой фосфатазы крови','Биллирубин прямой 2-3 мкмоль/г'),
(16,25,'2015-03-11','Опр.кислой фосфатазы простатической','Альбумины 80-85 ммоль/л'),
(4,31,'2006-09-13','Определение щелочной фосфатазы крови (ЩФ','положительный'),
(20,117,'2010-07-25','Холинэстераза','Биллирубин прямой 2-3 мкмоль/г'),
(1,25,'2017-04-29','Антистрептолизин (АСЛО) количествен.','положительный'),
(16,109,'2018-09-29','Панкреатическая эластаза 1 (кал)','Реакция PH сильная'),
(1,115,'2013-11-03','Хеликобактер пилори','положительный'),
(5,28,'2008-07-03','Биохимический экспресс-анализ кала на дисбактериоз, с индивидуальным подбором корректирующей фарм.терапии','Реакция PH сильная'),
(11,121,'2011-06-02','Гликозилированный гемоглобин в крови','Реакция PH сильная'),
(6,44,'2003-08-15','Миоглобин в крови','Альбумины 80-85 ммоль/л'),
(9,83,'2005-01-19','Тропонин','положительный'),
(7,92,'2006-04-18','Ревматоидный фактор (РФ) количественно','Реакция PH сильная'),
(7,27,'2000-04-08','Трансферрин в крови','Белок общий 60-65 г/л'),
(9,160,'2010-11-29','Фруктозамин','Общий холестерин <400 ммоль/л '),
(8,92,'2009-08-09','Определение С-реактивного белка','Реакция PH сильная'),
(18,38,'2003-04-17','Кальций в моче','Белок общий 60-65 г/л'),
(18,152,'2016-04-20','Магний в моче','Альбумины 80-85 ммоль/л'),
(1,103,'2008-04-14','Фосфор в моче','Общий холестерин <400 ммоль/л '),
(2,119,'2007-12-30','K/Na/Cl в моче','Альбумины 80-85 ммоль/л'),
(20,28,'2012-12-13','Мочевина в моче','положительный'),
(4,138,'2018-06-18','Мочевая кислота в моче','Белок общий 60-65 г/л'),
(1,158,'2015-07-10','Определение креатинина в моче','Альбумины 80-85 ммоль/л'),
(19,116,'2010-07-26','Клиренс по эндог.креатинину в моче','Биллирубин прямой 2-3 мкмоль/г'),
(1,10,'2003-11-20','Глюкоза в моче','отрицательный'),
(9,130,'2003-02-20','Альфа-амилаза мочи','Общий холестерин <400 ммоль/л '),
(14,124,'2000-06-03','Гамма - ГТ в моче','Альбумины 80-85 ммоль/л'),
(5,78,'2017-04-09','Определение белка в моче(количественно)','Биллирубин прямой 2-3 мкмоль/г'),
(1,51,'2006-10-04','Определение альбумина в моче(количественно)','Альбумины 80-85 ммоль/л'),
(6,20,'2018-05-14','Окраска мазков и подсчет миелограммы','Общий холестерин <400 ммоль/л '),
(2,140,'2002-11-27','Подсчет в камере миелокариоцитов','Общий холестерин <400 ммоль/л '),
(20,156,'2001-03-17','Подсчет в камере мегакариоцитов','Альбумины 80-85 ммоль/л'),
(20,21,'2007-08-29','Определение фолиевой кислоты в крови','Белок общий 60-65 г/л'),
(13,111,'2013-10-24','Определение B12 в крови','Реакция PH сильная'),
(1,137,'2008-12-26','Исследование субпопуляции лимфоцитов крови, расширенная панель','Альбумины 80-85 ммоль/л'),
(12,12,'2007-05-30','Интерфероновый статус без определения чувствительности лейкоцитов к препаратам интерферона','Альбумины 80-85 ммоль/л'),
(9,1,'2011-02-10','Интерфероновый статус с опеределением чувствительности лейкоцитов к препаратам интерферона','Реакция PH сильная'),
(9,27,'2006-07-31','Интерфероновый статус с определением чувствительности лейкоцитов к иммуномодуляторам и индукторам интерферона','Белок общий 60-65 г/л'),
(15,104,'2004-09-11','Интерфероновый статус с определением чувствительности лейкоцитов к препаратам интерферона, иммуномодуляторам и индукторам интерферона','Биллирубин прямой 2-3 мкмоль/г'),
(17,147,'2000-02-22','Определение микроэлементов в сыворотке и цельной крови - скриниг: таллий, кобальт, цинк, селен, молибден, мышьяк, медь, никель, золото, кадмий, марганец, ртуть, свинец','Общий холестерин <400 ммоль/л '),
(19,36,'2014-07-06','Комплексный анализ крови на витамины (A, D, E, K, C, B1, B5, B6, B12)','Белок общий 60-65 г/л'),
(8,98,'2000-12-08','Антитела к вирусу Эпштейн-Барр - капсидные белки (lgG) (VCA)','Реакция PH сильная'),
(11,1,'2011-03-08','Антитела к Helicobacter pilori (lgM)','отрицательный'),
(15,149,'2011-06-27','Антитела к Micobacterium tuberculosis (lgG/lgM/lgA)','Реакция PH сильная'),
(19,6,'2013-11-07','Антитела к Ascaridae (lgG)','Альбумины 80-85 ммоль/л'),
(18,89,'2009-01-08','Антитела к Candida albicans (lgG)','Реакция PH слабая'),
(6,83,'2001-01-25','Антитела к вирусу ветряной оспы (lgG)','Реакция PH слабая'),
(19,151,'2004-04-06','Антитела к вирусу ветряной оспы (lgM)','Биллирубин прямой 2-3 мкмоль/г'),
(11,69,'2010-06-23','Антитела к аденовирусу (lgG)','Реакция PH слабая'),
(6,105,'2005-10-05','Антитела к аденовирусу (lgM)','Биллирубин прямой 2-3 мкмоль/г'),
(9,138,'2011-04-18','Антитела к Bordetella pertusis (коклюш)(lgG)','положительный'),
(15,48,'2018-07-31','Антитела к  Bordetella pertusis (коклюш)(lgM)','Биллирубин прямой 2-3 мкмоль/г'),
(1,117,'2016-07-13','Антитела к   Bordetella pertusis (коклюш)(lgA)','Белок общий 60-65 г/л'),
(10,103,'2001-03-25','Определение антител класса lg(G) к Borrelia Burgdorferi','Белок общий 60-65 г/л'),
(13,109,'2006-11-18','Определение антител класса lg(M) к Borrelia Burgdorferi','отрицательный'),
(4,149,'2004-06-14','Исследование посева крови на стерильность','Биллирубин прямой 2-3 мкмоль/г'),
(18,116,'2002-06-22','Исследование посева мочи на флору','Общий холестерин <400 ммоль/л '),
(2,75,'2010-02-22','Исследование посева отделяемого на флору','Альбумины 80-85 ммоль/л'),
(18,3,'2006-12-16','Исследование кала на дисбактериоз','положительный'),
(8,131,'2002-02-11','Антибиотикограмма (за каждый антибиотик)','Альбумины 80-85 ммоль/л'),
(14,148,'2015-04-07','Исследование кала на патогенную флору','положительный'),
(6,155,'2006-03-26','Чувствительность флоры к фагам','Реакция PH слабая'),
(10,159,'2015-04-10','Исследование мокроты на флору','отрицательный'),
(11,53,'2010-12-18','Сифилис RPR-тест (с кардиолип.АГ)','Реакция PH слабая'),
(14,89,'2013-12-23','Сифилис TPHA-тест  (с трепонемным антигеном)','Реакция PH сильная'),
(20,39,'2002-11-29','Антитела класса IgG к Хламидиям','Реакция PH сильная'),
(2,77,'2008-02-18','Антитела класса IgA к Хламидиям','Белок общий 60-65 г/л'),
(8,28,'2007-07-18','Антиген хламидии (ИФА)','Общий холестерин <400 ммоль/л '),
(20,90,'2002-10-23','ПЦР на хламидии (ДНК)','Реакция PH сильная'),
(1,145,'2016-11-04','Хламидийные пневмонии (орнитоз)','Биллирубин прямой 2-3 мкмоль/г'),
(11,13,'2008-10-25','Хламидийные пневмонии (пситтакоз)','Реакция PH сильная');
INSERT INTO appointment 
(tabid, regid, recdatetime)
VALUES
(17,80,'2019-03-21 09:30'),
(8,136,'2019-03-20 09:00'),
(8,105,'2019-03-01 16:30'),
(11,103,'2019-03-03 13:00'),
(1,109,'2019-03-12 11:30'),
(9,135,'2019-03-14 09:00'),
(19,125,'2019-03-02 09:00'),
(8,126,'2019-03-28 08:00'),
(17,111,'2019-03-16 08:00'),
(15,69,'2019-03-02 12:30'),
(7,12,'2019-03-23 108:30'),
(5,45,'2019-03-11 09:00'),
(19,29,'2019-03-28 15:30'),
(4,65,'2019-03-08 15:30'),
(4,115,'2019-04-01 17:00'),
(6,38,'2019-03-18 13:30'),
(3,24,'2019-03-14 13:00'),
(9,1,'2019-03-13 16:00'),
(2,160,'2019-03-13 13:00'),
(18,145,'2019-03-09 13:30'),
(14,90,'2019-03-09 11:00'),
(18,55,'2019-03-23 13:00'),
(6,69,'2019-03-15 15:00'),
(1,102,'2019-03-28 17:00'),
(17,69,'2019-03-22 08:00'),
(8,104,'2019-03-26 17:00'),
(3,20,'2019-03-25 108:00'),
(10,88,'2019-03-04 10:30'),
(10,48,'2019-03-23 11:00'),
(6,8,'2019-03-27 16:30'),
(18,20,'2019-03-19 108:30'),
(3,13,'2019-03-04 13:00'),
(12,21,'2019-03-10 13:00'),
(2,135,'2019-03-21 08:00'),
(12,52,'2019-03-17 13:30'),
(13,73,'2019-03-14 08:30'),
(13,57,'2019-03-26 09:00'),
(19,17,'2019-03-30 10:00'),
(2,92,'2019-03-05 108:30'),
(11,71,'2019-03-02 10:30'),
(11,69,'2019-03-07 15:30'),
(4,123,'2019-03-06 16:00'),
(16,123,'2019-03-12 08:00'),
(13,81,'2019-03-19 11:30'),
(6,9,'2019-03-19 10:30'),
(6,12,'2019-03-17 17:00'),
(11,156,'2019-03-16 17:30'),
(9,32,'2019-03-03 09:30'),
(4,157,'2019-03-14 16:00'),
(15,137,'2019-04-01 15:30'),
(3,85,'2019-03-08 108:00'),
(4,91,'2019-03-13 08:30'),
(19,160,'2019-03-01 13:30'),
(4,67,'2019-03-13 10:30'),
(10,27,'2019-03-09 16:30'),
(4,40,'2019-03-31 13:30'),
(1,23,'2019-03-17 17:30'),
(3,25,'2019-03-19 16:30'),
(1,34,'2019-03-31 16:00'),
(19,104,'2019-04-01 11:30'),
(4,6,'2019-03-26 12:30'),
(14,21,'2019-03-14 12:00'),
(4,21,'2019-03-29 08:00'),
(19,159,'2019-03-11 14:30'),
(1,2,'2019-03-23 13:00'),
(5,101,'2019-03-19 17:00'),
(17,3,'2019-03-25 15:30'),
(19,37,'2019-03-27 16:30'),
(4,154,'2019-03-25 14:30'),
(12,45,'2019-03-02 11:00'),
(4,104,'2019-03-02 09:30'),
(9,9,'2019-03-01 11:30'),
(10,124,'2019-03-07 17:00'),
(17,157,'2019-03-04 12:30'),
(11,7,'2019-03-18 09:30'),
(14,16,'2019-03-31 09:00'),
(4,71,'2019-03-22 09:30'),
(7,129,'2019-03-20 10:30'),
(17,47,'2019-03-04 08:30'),
(5,46,'2019-03-06 13:00'),
(7,124,'2019-03-27 08:00'),
(6,28,'2019-03-19 17:30'),
(18,69,'2019-03-12 08:30'),
(13,109,'2019-03-05 16:30'),
(7,135,'2019-03-17 14:00'),
(4,46,'2019-03-12 10:00'),
(12,131,'2019-03-03 10:00'),
(5,70,'2019-03-15 12:30'),
(13,122,'2019-03-24 08:30'),
(14,55,'2019-03-26 17:30'),
(14,84,'2019-03-08 15:30'),
(3,123,'2019-03-15 09:30'),
(2,66,'2019-03-31 08:30'),
(5,49,'2019-03-11 13:00'),
(10,6,'2019-03-06 13:00'),
(9,42,'2019-03-17 16:30'),
(3,16,'2019-03-15 09:00'),
(20,115,'2019-03-19 17:30'),
(7,89,'2019-03-30 08:00'),
(3,157,'2019-03-18 09:00');
INSERT INTO treatment 
(tabid, cardid, trdate, illness, treatment)
VALUES 
(12,123,'2000-01-08','Дистония','Дарсонвализация кожи	Общий массаж медицинский взрослый'),
(2,41,'2013-11-01','Нейропатическая спондилопатия','Аэрозольтерапия при заболеваниях верхних дыхательных путей	Массаж воротниковой области'),
(12,67,'2003-09-08','Другие приобретенные гемолитические анемии','Воздействие синусоидальными модулированными токами (СМТ-терапия) при патологии сердца и перикарда	Массаж верхней конечности (руки)'),
(7,5,'2016-02-19','Ангиосаркома печени','Чрескожная короткоимпульсная электростимуляция(ЧПЭС)	Массаж плечевого сустава'),
(15,49,'2001-08-25','Гименолепидоз','Воздействие электрическим полем ультравысокой частоты (ЭП УВЧ)	Массаж кисти и предплечья'),
(15,160,'2014-01-24','Другие хронические гепатиты,  не классифицированные в дру- гих рубриках','Воздействие электромагнитным излучением дециметрового диапазона (ДМВ)	Массаж нижней конечности медицинский'),
(10,141,'2004-06-23','Киста селезенки','Воздействие переменным магнитным полем (ПеМП)	Массаж тазобедренного сустава'),
(7,117,'2004-02-01','Пурпура и другие геморрагические состояния','Аэрозольтерапия( солещелочные )	Массаж коленного сустава'),
(18,114,'2005-02-20','Маточных труб и связок','Ультрафонофорез лекарственный	Массаж голеностопного сустава'),
(17,144,'2016-04-07','Другие дерматиты','Ванны минеральные лечебные	Массаж при заболеваниях позвоночника'),
(18,67,'2004-01-21','Другие анемии','Вихревая ванна для рук, ног	Массаж пояснично-крестцовой области'),
(13,17,'2001-01-09','Постхирургический лордоз','Ванны местные (2 - 4-камерные) лечебные	Коронарное шунтирование в условиях искусственного кровообращения '),
(1,25,'2001-08-20','Патологическое влечение к поджогам [пиромания]','Подводный душ-массаж лечебный	Коронарное шунтирование на работающем сердце без использования искусственного кровообращения '),
(1,149,'2014-07-09','Выпадение матки и влагалища неуточненное','Термовоздействие	Пластика клапанов сердца '),
(5,73,'2012-06-14','Кистозный фиброз неуточненный','Ванны газовые (кислородные, углекислые, азотные)	Протезирование митрального клапана в условиях искусственного кровообращения '),
(18,94,'2009-12-23','Болезнь среднего уха и сосцевидного отростка неуточненная','Рефлексотерапия при заболеваниях сердца и перикарда	Протезирование аортального клапана в условиях искусственного кровообращения '),
(4,124,'2008-09-19','Выпадение стекловидного тела (пролапс)','Рефлексотерапия при заболеваниях центральной нервной системы	Протезирование трикуспидального клапана в условиях искусственного кровообращения '),
(13,90,'2015-10-22','Острые и преходящие психотические расстройства','Ультрафиолетовое облучение кожи	Протезирование аортального клапана и митрального клапана в условиях искусственного кровообращения '),
(17,36,'2017-09-25','Гемиплегия','Воздействие низкоинтенсивным лазерным излучением при заболеваниях периферической нервной системы	Протезирование аортального клапана и пластика митрального клапана в условиях искусственного кровообращения '),
(9,41,'2012-02-28','Пятнистая лихорадка, вызываемая Rickettsia australis','Воздействие низкоинтенсивным лазерным излучением при заболеваниях периферической нервной системы	Протезирование митрального клапана и пластика аортального клапана в условиях искусственного кровообращения '),
(7,138,'2014-09-03','Синдром андрогенной резистентности','Воздействие инфракрасным излучением	Протезирование митрального клапана и трикуспидального клапана в условиях искусственного кровообращения '),
(5,139,'2017-03-27','Плевральная бляшка','Вибрационное воздействие	Протезирование митрального клапана и пластика трикуспидального клапана в условиях искусственного кровообращения '),
(15,43,'2009-09-27','Острый бронхит, вызванный Haemophilus influenzae [палочкой Афанасьева-Пфейффера]','Электрофорез лекарственных средств при заболеваниях крупных кровеносных сосудов	Протезирование трикуспидального клапана и пластика митрального клапана в условиях искусственного кровообращения '),
(1,13,'2003-12-19','Болезнь Рейтера','Электрофорез лекарственных средств при заболеваниях крупных кровеносных сосудов	Протезирование аортального клапана и трикуспидального клапана в условиях искусственного кровообращения '),
(7,127,'2001-09-24','Злокачественная меланома века, включая спайку век','Транслюминальная баллонная ангиопластика и стентирование коронарных артерий ( 1 стентом с лекарственным покрытием)	Протезирование аортального клапана и пластика трикуспидального клапана в условиях искусственного кровообращения '),
(20,25,'2015-02-23','Анемия при новообразованиях (C00-D48+)','Транслюминальная баллонная ангиопластика и стентирование коронарных артерий( Установка дополнительного коронарного стента (с лекарственным покрытием)	Протезирование трикуспидального клапана и пластика аортального клапана в условиях искусственного кровообращения '),
(15,103,'2003-02-19','Внутриматочные синехии','Трансаортальная радиочастотная абляция почечных артерий 	Протезирование аортального клапана, митрального клапана и трикуспидального клапана в условиях искусственного кровообращения '),
(8,14,'2007-11-14','Медиальный эпикондилит','Баллонная вазодилятация 	Протезирование митрального клапана, трикуспидального клапана и пластика аортального клапана в условиях искусственного кровообращения '),
(4,70,'2016-08-07','Хроническая нестабильность коленного сустава','Баллонная вазодилятация( баллонная дилатация магистральных сосудов (аорта, легочная артерия)	Протезирование митрального клапана, пластика трикуспидального клапана и аортального клапана в условиях искусственного кровообращения '),
(11,123,'2002-04-16','Амнестический синдpом','Транслюминальная баллонная ангиопластика внутренней сонной артерии со стентированием 	Протезирование трикуспидального клапана, пластика аортального клапана и митрального клапана в условиях искусственного кровообращения '),
(16,43,'2001-08-17','Острое полиморфное психотическое расстройство с симптомами шизофрении','Баллонная ангиопластика периферической артерии 	Протезирование аортального клапана, пластика митрального и трикуспидального клапанов в условиях искусственного кровообращения '),
(16,30,'2012-07-07','Другие уточненные гипотиреозы','Баллонная ангиопластика коронарной артерии 	Протезирование аортального клапана, митрального клапана и пластика трикуспидального клапана в условиях искусственного кровообращения '),
(5,8,'2003-05-22','Аменорея неуточненная','Механическая реканализация, баллонная ангиопластика со стентированием поверхностной бедренной артерии 	Коронарное шунтирование с протезированием клапанов сердца в условиях искусственного кровообращения '),
(10,2,'2000-03-24','Неуточненная грыжа брюшной полости  с  непроходимостью без гангрены','Стентирование коарктации и рекоарктации аорты 	Коронарное шунтирование с пластикой клапанов сердца в условиях искусственного кровообращения '),
(1,102,'2010-03-02','Повторный инфаркт миокарда другой уточненной локализации','Стентирование почечных артерий 	Резекция аневризмы восходящего отдела аорты с его протезированием клапанносодержащим кондуитом '),
(10,155,'2009-12-30','Аллергический контактный дерматит,  вызванный другими  ве- ществами','Массаж нижней конечности медицинский	Коронарное шунтирование в условиях искусственного кровообращения          Аневризмэктомия  '),
(2,12,'2002-06-12','Злокачественное новообразование почечных лоханок','Массаж тазобедренного сустава	Бедренно-подколенное шунтирование '),
(16,46,'2017-08-28','Туберкулезный плеврит,  подтвержденный бактериологически и гистологически','Массаж коленного сустава	Аорто-бедренное-подколенное шунтирование '),
(20,132,'2012-02-09','Стрептобациллез','Массаж голеностопного сустава	Резекция аневризмы брюшного отдела аорты с протезированием и пластикой висцеральных ветвей '),
(6,39,'2010-11-17','Дpугие изменения','Массаж при заболеваниях позвоночника	Резекция аневризмы дуги аорты с её протезированием и реимплантацией брахиоцефальных сосудов '),
(8,143,'2013-12-28','Портальная гипертензия','Массаж пояснично-крестцовой области	Удаление новообразования сердца '),
(3,16,'2004-03-06','Хронический простатит','Коронарное шунтирование в условиях искусственного кровообращения 	Удаление инородного тела из камер сердца '),
(18,9,'2013-01-13','Метгемоглобинемия неуточненная','Коронарное шунтирование на работающем сердце без использования искусственного кровообращения 	Эндартерэктомия каротидная '),
(17,52,'2017-12-21','Периферических нервов живота','Пластика клапанов сердца 	Деструкция проводящих путей и аритмогенных зон сердца в условиях искусственного кровообращения '),
(6,29,'2010-07-29','Соматоформная дисфункция вегетативной нервной системы','Протезирование митрального клапана в условиях искусственного кровообращения 	Аэрозольтерапия при заболеваниях верхних дыхательных путей'),
(20,89,'2009-02-16','Неинфекционные болезни ушной раковины','Протезирование аортального клапана в условиях искусственного кровообращения 	Воздействие синусоидальными модулированными токами (СМТ-терапия) при патологии сердца и перикарда'),
(9,60,'2007-06-12','Другие респираторные нарушения после медицинских процедур','Дарсонвализация кожи	Чрескожная короткоимпульсная электростимуляция(ЧПЭС)'),
(7,15,'2012-02-17','Новообразование неопределенного или неизвестного характера неуточненное','Аэрозольтерапия при заболеваниях верхних дыхательных путей	Воздействие электрическим полем ультравысокой частоты (ЭП УВЧ)'),
(20,152,'2010-03-10','Неудаленное  (давно попавшее в глаз) немагнитное инородное тело','Воздействие синусоидальными модулированными токами (СМТ-терапия) при патологии сердца и перикарда	Воздействие электромагнитным излучением дециметрового диапазона (ДМВ)'),
(3,87,'2003-05-18','Другие уточненные виды косоглазия','Чрескожная короткоимпульсная электростимуляция(ЧПЭС)	Воздействие переменным магнитным полем (ПеМП)'),
(14,75,'2000-07-19','Подагра неуточненная','Воздействие электрическим полем ультравысокой частоты (ЭП УВЧ)	Аэрозольтерапия( солещелочные )'),
(17,64,'2001-01-16','Бокситный фиброз (легкого)','Воздействие электромагнитным излучением дециметрового диапазона (ДМВ)	Ультрафонофорез лекарственный'),
(3,48,'2012-04-05','Другие актиномикозы','Воздействие переменным магнитным полем (ПеМП)	Ванны минеральные лечебные'),
(3,90,'2003-01-29','Ползучий перфорирующий эластоз','Аэрозольтерапия( солещелочные )	Вихревая ванна для рук, ног'),
(16,53,'2006-08-23','Эритематозное состояние неуточненное','Ультрафонофорез лекарственный	Ванны местные (2 - 4-камерные) лечебные'),
(16,70,'2008-04-26','С указанием на отсутствие или слабую выpаженность наpушения поведения','Ванны минеральные лечебные	Подводный душ-массаж лечебный'),
(20,67,'2003-04-30','Герпетическая экзема','Вихревая ванна для рук, ног	Термовоздействие'),
(16,4,'2005-03-03','Другие болезни щитовидной железы','Ванны местные (2 - 4-камерные) лечебные	Ванны газовые (кислородные, углекислые, азотные)'),
(20,86,'2017-12-14','Односторонняя или неуточненная  паховая грыжа с непроходи- мостью без гангрены','Подводный душ-массаж лечебный	Рефлексотерапия при заболеваниях сердца и перикарда'),
(9,125,'2003-10-03','Другие текущие осложнения острого инфаркта миокарда','Термовоздействие	Рефлексотерапия при заболеваниях центральной нервной системы'),
(9,161,'2017-03-28','Острые инфекции верхних дыхательных путей множественной  и  неу- точненной локализации','Ванны газовые (кислородные, углекислые, азотные)	Массаж верхней конечности (руки)'),
(14,1,'2011-07-23','Системная атрофия при микседеме, влияющая преимущественно на центральную нервную систему (E00.1+, E03.-+)','Рефлексотерапия при заболеваниях сердца и перикарда	Массаж плечевого сустава'),
(14,143,'2013-06-12','Поражения конъюнктивы при болезнях, классифицированных в других рубриках','Рефлексотерапия при заболеваниях центральной нервной системы	Массаж кисти и предплечья'),
(9,117,'2008-12-15','Синдром фантома конечности с болью','Ультрафиолетовое облучение кожи	Массаж нижней конечности медицинский'),
(9,34,'2004-04-21','Гипопаратиреоз неуточненный','Воздействие низкоинтенсивным лазерным излучением при заболеваниях периферической нервной системы	Массаж тазобедренного сустава'),
(13,37,'2007-06-02','Снохождение [сомнамбулизм]','Воздействие низкоинтенсивным лазерным излучением при заболеваниях периферической нервной системы	Массаж коленного сустава'),
(13,135,'2017-07-09','Черепных нервов','Воздействие инфракрасным излучением	Массаж голеностопного сустава'),
(12,149,'2016-10-15','Анемия неуточненная','Вибрационное воздействие	Массаж при заболеваниях позвоночника'),
(20,96,'2002-02-28','Пинта неуточненная','Электрофорез лекарственных средств при заболеваниях крупных кровеносных сосудов	Воздействие низкоинтенсивным лазерным излучением при заболеваниях периферической нервной системы'),
(14,66,'2002-04-27','Миопия','Электрофорез лекарственных средств при заболеваниях крупных кровеносных сосудов	Воздействие инфракрасным излучением'),
(13,84,'2010-08-29','Гранулематоз Вегенера','Транслюминальная баллонная ангиопластика и стентирование коронарных артерий ( 1 стентом с лекарственным покрытием)	Вибрационное воздействие'),
(4,159,'2003-10-30','Плевральная бляшка с упоминанием об асбестозе','Транслюминальная баллонная ангиопластика и стентирование коронарных артерий( Установка дополнительного коронарного стента (с лекарственным покрытием)	Электрофорез лекарственных средств при заболеваниях крупных кровеносных сосудов'),
(11,148,'2008-04-05','Мералгия парестетическая','Трансаортальная радиочастотная абляция почечных артерий 	Электрофорез лекарственных средств при заболеваниях крупных кровеносных сосудов'),
(11,151,'2014-10-18','Малярия, вызванная Plasmodium ovale','Баллонная вазодилятация 	Транслюминальная баллонная ангиопластика и стентирование коронарных артерий ( 1 стентом с лекарственным покрытием)'),
(1,141,'2012-07-31','Другие и неуточненные неудачные попытки аборта с другими и неуточненными осложнениями','Баллонная вазодилятация( баллонная дилатация магистральных сосудов (аорта, легочная артерия)	Транслюминальная баллонная ангиопластика и стентирование коронарных артерий( Установка дополнительного коронарного стента (с лекарственным покрытием)'),
(14,12,'2011-06-26','Ботулизм','Транслюминальная баллонная ангиопластика внутренней сонной артерии со стентированием 	Трансаортальная радиочастотная абляция почечных артерий '),
(19,61,'2000-07-26','Обычный вариабельный иммунодефицит','Баллонная ангиопластика периферической артерии 	Баллонная вазодилятация '),
(9,122,'2007-07-30','Синдром сонной артерии (полушарный)','Баллонная ангиопластика коронарной артерии 	Баллонная вазодилятация( баллонная дилатация магистральных сосудов (аорта, легочная артерия)'),
(12,25,'2007-07-23','Поражение молочной железы,  выходящее за пределы  одной  и более вышеуказанных локализаций','Механическая реканализация, баллонная ангиопластика со стентированием поверхностной бедренной артерии 	Транслюминальная баллонная ангиопластика внутренней сонной артерии со стентированием '),
(5,88,'2002-11-28','Острая легочная недостаточность после неторакального  опе- ративного вмешательства','Стентирование коарктации и рекоарктации аорты 	Баллонная ангиопластика периферической артерии '),
(9,94,'2014-12-06','Туберкулез глаза','Стентирование почечных артерий 	Баллонная ангиопластика коронарной артерии '),
(12,139,'2015-08-26','Черепных нервов','Массаж нижней конечности медицинский	Механическая реканализация, баллонная ангиопластика со стентированием поверхностной бедренной артерии '),
(4,59,'2007-12-31','Фибробластические нарушения','Массаж тазобедренного сустава	Стентирование коарктации и рекоарктации аорты '),
(13,78,'2014-08-05','Злокачественное новообразование прямой кишки','Массаж коленного сустава	Стентирование почечных артерий '),
(20,36,'2010-10-27','Амнестический синдpом','Массаж голеностопного сустава	Массаж нижней конечности медицинский'),
(16,16,'2000-09-03','Стоматит и родственные поражения','Массаж при заболеваниях позвоночника	Массаж тазобедренного сустава'),
(3,140,'2009-08-03','Лейкоплакия влагалища','Массаж пояснично-крестцовой области	Массаж коленного сустава'),
(18,63,'2017-09-26','Чисто чувствительный лакунарный синдром (I60-I67+)','Коронарное шунтирование в условиях искусственного кровообращения 	Массаж голеностопного сустава'),
(1,65,'2003-05-31','Другие болезни слезного аппарата','Коронарное шунтирование на работающем сердце без использования искусственного кровообращения 	Массаж при заболеваниях позвоночника'),
(9,40,'2009-01-08','Другая уточненная сальмонеллезная инфекция','Пластика клапанов сердца 	Массаж пояснично-крестцовой области'),
(6,133,'2017-01-16','Гипофункция яичек, возникшая после медицинских процедур','Протезирование митрального клапана в условиях искусственного кровообращения 	Коронарное шунтирование в условиях искусственного кровообращения '),
(2,91,'2001-12-29','Селезеночного изгиба','Протезирование аортального клапана в условиях искусственного кровообращения 	Коронарное шунтирование на работающем сердце без использования искусственного кровообращения '),
(1,129,'2009-02-19','Аневризма сердца','Коронарное шунтирование в условиях искусственного кровообращения 	Пластика клапанов сердца '),
(5,19,'2007-11-30','Нарушения зрения при болезнях, классифицированных в других рубриках','Коронарное шунтирование на работающем сердце без использования искусственного кровообращения 	Протезирование митрального клапана в условиях искусственного кровообращения '),
(5,52,'2012-10-19','Другие уточненные заболевания, передающиеся преимуществен- но половым путем','Пластика клапанов сердца 	Протезирование аортального клапана в условиях искусственного кровообращения '),
(10,146,'2005-06-04','Невротический наследственный семейный амилоидоз','Протезирование митрального клапана в условиях искусственного кровообращения 	Дарсонвализация кожи'),
(18,145,'2015-04-12','Локализованный остеопороз [Лекена]','Протезирование аортального клапана в условиях искусственного кровообращения 	Аэрозольтерапия при заболеваниях верхних дыхательных путей'),
(10,102,'2008-10-08','Другие болезни крови и кроветворных органов','Протезирование митрального клапана в условиях искусственного кровообращения 	Воздействие синусоидальными модулированными токами (СМТ-терапия) при патологии сердца и перикарда');
INSERT INTO receipt
(tabid, issuedate, medicine)
VALUES
(1, '2018-11-29', 'Ибупрофен, 5-Фторурацил-Эбеве, Глутамин-Капс'),
(3, '2018-01-09', 'Абактал 0,08/мл 5мл, Эуфиллин 0,024/мл 10мл'),
(2, '2017-03-19', 'Живокост-бальзам, Иммунал, Кальцид'),
(3, '2018-09-01', 'Вазотон, Ревалгин'),
(13,'2014-03-18','Адельфан-эзидрекс таб. №250,  Ингалипт (аэроз.доз. 15мл), Ципролет таб. 500мг №10'),
(4,'2003-03-18','Амиксин таб. 0,125 №10, L-тироксин 75 Берлин-Хеми таблетки 75микрограмм блистер , Цефалексин капс. 0,5 №16'),
(7,'2016-07-09','Каптоприл таб. 25мг №40, Norwegian Fish Oil Омега-3 со вкусом лимона жидкость 240мл , Хенофальк капс. 250мг №50'),
(14,'2013-09-26','Нитроглицерин таб. 0,5 №40, Norwegian Fish Oil Омега-3 Форте капсулы массой 1384мг , Фестал др. №100'),
(4,'2001-10-25','Овидон таб. №21, А-церумен раствор 2мл , Супракс капс. 0,4 №6'),
(3,'2010-11-22','Предуктал МВ таб. с модифицир. высв. п/о 35мг №6, Авамис спрей назальный дозированный 27.5мкг/доза 120дз флакон темного стекла с дозирующим устройством , Предуктал МВ таб. с модифицир. высв. п/о 35мг №6'),
(17,'2016-05-16','Предуктал МВ таб. с модифицир. высв. п/о 35мг №6, Авиа-Море таблетки для рассасывания блистер , Предуктал МВ таб. с модифицир. высв. п/о 35мг №6'),
(15,'2010-03-22','Супракс капс. 0,4 №6, Авиамарин таблетки 50миллиграмм блистер , Пластырь бактерицидный 3,8*3,8'),
(11,'2005-09-23','Фестал др. №100, Аводарт капсулы 0.5миллиграмм блистер , Паузогест таб. п/о №28'),
(15,'2017-07-26','Ципролет таб. 500мг №10, Адельфан-эзидрекс таб. №250, Панклав таб. п/о 250мг+125мг №15'),
(19,'2002-09-06','Аминазин амп. 0,025 2мл №10, Амиксин таб. 0,125 №10, Оспамокс гран. д/приг. сусп. 125мг/5мл фл. 60мл'),
(11,'2011-10-22','Биноклар таб. п/о 250мг №10, Аминазин амп. 0,025 2мл №10, Овидон таб. №21'),
(13,'2015-10-08','Ванкоцин фл. 500мг, Биноклар таб. п/о 250мг №10, Нолипрел форте таб. 4мг/1,25мг №30'),
(3,'2012-09-23','Визипак (Иодиксанол) р-р д/ин. (270мг йода/мл) фл. 50мл №10, Ванкоцин фл. 500мг, Нитроглицерин таб. 0,5 №40'),
(11,'2004-03-07','Зерит капс. 30мг №56, Визипак (Иодиксанол) р-р д/ин. (270мг йода/мл) фл. 50мл №10, Ко-тримоксазол (бисептол) таб. 480мг №20'),
(18,'2009-06-10',' Ингалипт (аэроз.доз. 15мл), Зерит капс. 30мг №56, Ко-тримоксазол (бисептол) таб. 480мг №20'),
(15,'2003-08-20','Клабакс таб. п/о 250мг №4, Каптоприл таб. 25мг №40, Клабакс таб. п/о 250мг №4'),
(7,'2017-10-18','Ко-тримоксазол (бисептол) таб. 480мг №20, Клабакс таб. п/о 250мг №4, Каптоприл таб. 25мг №40'),
(19,'2000-09-22','Ко-тримоксазол (бисептол) таб. 480мг №20, Ко-тримоксазол (бисептол) таб. 480мг №20, Зерит капс. 30мг №56'),
(1,'2014-10-22','Нолипрел форте таб. 4мг/1,25мг №30, Ко-тримоксазол (бисептол) таб. 480мг №20, Визипак (Иодиксанол) р-р д/ин. (270мг йода/мл) фл. 50мл №10'),
(10,'2009-07-12','Оспамокс гран. д/приг. сусп. 125мг/5мл фл. 60мл, Нитроглицерин таб. 0,5 №40, Ванкоцин фл. 500мг'),
(11,'2011-09-25','Паузогест таб. п/о №28, Нолипрел форте таб. 4мг/1,25мг №30, Биноклар таб. п/о 250мг №10'),
(9,'2000-06-13','Панклав таб. п/о 250мг+125мг №15, Овидон таб. №21, Аминазин амп. 0,025 2мл №10'),
(12,'2002-11-27','Пластырь бактерицидный 3,8*3,8, Оспамокс гран. д/приг. сусп. 125мг/5мл фл. 60мл, Амиксин таб. 0,125 №10'),
(16,'2013-03-29','Хенофальк капс. 250мг №50, Панклав таб. п/о 250мг+125мг №15, Адельфан-эзидрекс таб. №250'),
(4,'2002-10-25','Цефалексин капс. 0,5 №16, Паузогест таб. п/о №28, Аводарт капсулы 0.5миллиграмм блистер '),
(20,'2007-08-21','L-тироксин 75 Берлин-Хеми таблетки 75микрограмм блистер , Пластырь бактерицидный 3,8*3,8, Авиамарин таблетки 50миллиграмм блистер '),
(16,'2002-03-25','Norwegian Fish Oil Омега-3 со вкусом лимона жидкость 240мл , Предуктал МВ таб. с модифицир. высв. п/о 35мг №6, Авиа-Море таблетки для рассасывания блистер '),
(20,'2016-02-12','Norwegian Fish Oil Омега-3 Форте капсулы массой 1384мг , Предуктал МВ таб. с модифицир. высв. п/о 35мг №6, Авамис спрей назальный дозированный 27.5мкг/доза 120дз флакон темного стекла с дозирующим устройством '),
(12,'2002-08-15','А-церумен раствор 2мл , Супракс капс. 0,4 №6, А-церумен раствор 2мл '),
(13,'2003-01-14','Авамис спрей назальный дозированный 27.5мкг/доза 120дз флакон темного стекла с дозирующим устройством , Фестал др. №100, Norwegian Fish Oil Омега-3 Форте капсулы массой 1384мг '),
(18,'2006-09-28','Авиа-Море таблетки для рассасывания блистер , Хенофальк капс. 250мг №50, Norwegian Fish Oil Омега-3 со вкусом лимона жидкость 240мл '),
(4,'2008-07-07','Аводарт капсулы 0.5миллиграмм блистер , Цефалексин капс. 0,5 №16, L-тироксин 75 Берлин-Хеми таблетки 75микрограмм блистер '),
(3,'2012-11-23','Авиамарин таблетки 50миллиграмм блистер , Ципролет таб. 500мг №10,  Ингалипт (аэроз.доз. 15мл)');
INSERT INTO sickleave 
(regid, issuedate, stdate, endate, destn)
VALUES
(34,"2017-10-17","2015-04-10","2016-08-25","Айтрон, ООО"),
(20,"2018-08-07","2015-11-26","2017-11-22","Алтайсктй трансформаторный завод, ОАО "),
(120,"2018-03-18","2015-06-25","2016-05-01","Альметьевский завод 'Радиоприбор', ОАО "),
(122,"2018-06-08","2015-10-21","2016-09-03","Альфа-Тех, ООО "),
(82,"2017-03-23","2016-06-22","2016-06-05","АРГО-Казань, ИЦ, ООО"),
(59,"2017-05-12","2016-12-26","2016-07-22","Белэнергоремналадка, ОАО"),
(49,"2018-09-09","2015-06-27","2017-03-20","БЕТАР ТП, ООО "),
(135,"2018-02-07","2015-08-29","2016-05-06","Бреслер НПП, ООО "),
(144,"2018-02-20","2016-01-26","2016-09-05","Взлет-Сервис, ООО"),
(34,"2018-07-12","2015-02-09","2016-10-10","ВНИИР-Промэлектро, ООО "),
(29,"2017-07-21","2016-03-19","2017-09-07","Генерирующая компания, ОАО "),
(47,"2017-02-20","2017-01-14","2017-08-29","Данфосс, ООО "),
(10,"2018-08-02","2016-06-22","2017-01-01","ДЕН РУС, ООО "),
(66,"2017-03-20","2015-04-03","2017-01-29","ЕАЕ, ООО"),
(93,"2017-08-14","2016-03-09","2016-03-24","Завод электротехнического оборудования 'ЗЭТО', ЗАО "),
(76,"2018-12-18","2016-09-14","2017-07-16","Инжиниринговая Компания 'Альянс', ООО "),
(85,"2018-08-28","2016-09-29","2017-10-13","Ишлейский завод высоковольтной аппаратуры, ООО "),
(67,"2017-06-06","2015-10-31","2016-06-23","Йокогава Электрик СНГ, ООО "),
(9,"2017-09-22","2015-07-21","2017-02-09","Казанский государственный энергетический университет, ФГБОУ ВПО "),
(147,"2018-11-06","2016-11-19","2016-07-18","Казанский национальный исследовательский технологический университет, Федеральное государственное образовательное учреждение высшего профессионального образования "),
(80,"2018-10-23","2016-09-25","2016-02-09","Казанский энергосервисный центр, МУП "),
(83,"2018-10-03","2016-11-16","2017-12-12","Казаньоргсинтез, ОАО"),
(71,"2017-07-04","2016-06-19","2016-04-15","Клинкманн ОЮ, представительство АО "),
(98,"2018-08-01","2015-09-30","2016-11-02","КЛМ групп, ООО "),
(126,"2017-11-13","2016-10-24","2017-01-19","Кореневский завод низковольтной аппаратуры, ОАО "),
(12,"2017-01-09","2015-03-24","2017-05-09","Кабеленесущие системы EKA (Крепость-Поволжье, ООО)"),
(116,"2017-09-16","2016-01-11","2016-07-18","ЛАИЗ, ЗАО"),
(19,"2017-03-18","2015-10-06","2016-10-09","Мека, ООО "),
(68,"2018-09-23","2016-03-06","2016-04-03","МикроАРТ, ООО "),
(37,"2017-06-02","2015-06-29","2017-11-29","Миландр, ПКК, ЗАО "),
(136,"2017-03-22","2015-06-12","2016-10-20","Национал электрик, ООО"),
(107,"2017-03-10","2015-11-03","2016-03-10","НАТЭК, группа компаний"),
(97,"2017-07-19","2016-07-24","2017-08-29","Нижнекамскнефтехим, ПАО"),
(53,"2018-06-21","2017-01-04","2017-09-22","Пентейр Рус,ООО "),
(122,"2017-12-19","2015-11-24","2016-04-05","ПИК-ЭНЕРГО, ООО "),
(75,"2018-10-04","2016-10-03","2017-04-16","Преобразователь, ООО "),
(78,"2018-08-25","2016-11-11","2017-06-20","Промавтоматика, ООО "),
(83,"2017-03-06","2017-01-18","2016-07-15","РАТЭК, ООО"),
(133,"2018-08-02","2015-07-15","2017-05-15","Росэнергосервис, ООО"),
(120,"2018-05-12","2016-04-23","2017-10-02","РФЯЦ-ВНИИТФ им. академ. Е.И.Забабахина, ФГУП "),
(10,"2017-12-04","2015-04-09","2016-11-21","Сарэнергомаш, ОАО "),
(114,"2017-02-01","2016-12-13","2017-09-02","Свердловский завод трансформаторов тока, ОАО "),
(25,"2018-06-22","2015-03-14","2016-07-23","Сеесъярвский мачтопропиточный завод, ООО "),
(29,"2018-07-30","2015-04-19","2017-06-14","СервисМонтажИнтеграция, ООО "),
(116,"2018-08-01","2016-04-21","2016-09-23","Сетевая компания, ОАО "),
(20,"2018-07-15","2016-03-24","2017-12-07","Союз Прибор, ООО "),
(15,"2018-09-17","2016-10-29","2016-06-09","Спецкабель-НН, ООО"),
(12,"2017-12-11","2016-03-24","2016-08-01","СТЕГО РУС, ООО "),
(119,"2017-11-19","2016-02-18","2016-05-02","Стройтех, ЗАО "),
(84,"2017-10-27","2015-11-23","2017-04-04","Татнефть, ОАО"),
(5,"2018-04-03","2015-03-17","2016-08-05","Татнефть-Энергосервис, УК, ООО"),
(70,"2018-11-30","2016-09-22","2016-04-26","Татэнергосбыт, ОАО"),
(26,"2017-12-26","2016-06-13","2017-12-28","ТГК-16, ОАО "),
(31,"2017-01-20","2017-01-26","2016-07-24","ТЕХНОАС-СК, ООО"),
(124,"2017-01-28","2016-09-18","2016-10-17","ТЕХЭЛЕКТРОКОМПЛЕКТ, ООО "),
(29,"2017-10-21","2015-06-13","2016-07-18","Техэнергострой, ООО "),
(104,"2017-01-31","2016-11-16","2017-04-06","ФИАММ Индастриал РУС, ООО "),
(70,"2018-11-04","2016-01-06","2016-10-13","ФОКУСРЕГИОНСНАБ, Общество с огранической ответственностью "),
(25,"2018-04-14","2015-04-29","2017-07-24","ХАУПА-РУ, ООО "),
(7,"2018-10-22","2016-11-02","2016-06-30","Чебоксарский электроаппаратный завод, ЗАО "),
(94,"2017-05-28","2016-09-10","2016-09-11","ЭВАН, ЗАО "),
(136,"2017-05-09","2016-07-17","2016-09-20","ЭЗОИС, ЗАО "),
(70,"2018-12-22","2016-11-06","2017-04-18","ЭКОПАРК, Управляющая компания, ООО "),
(95,"2017-07-10","2016-02-19","2016-01-17","ЭКРА НПП, ООО"),
(8,"2017-02-09","2017-01-29","2017-06-21","Электроавтомат, ОАО "),
(72,"2018-01-08","2015-11-21","2016-08-15","Электромодуль, ООО "),
(128,"2018-02-17","2015-02-27","2016-02-28","Электротехнические заводы Энергомера, ЗАО"),
(145,"2017-01-13","2015-07-24","2017-04-01","Электротехнический завод Вектор, ООО"),
(77,"2018-05-02","2015-08-22","2017-09-30","Элка-Кабель, ОКП, ООО "),
(10,"2018-12-29","2016-01-24","2017-08-25","Элмаш, ЗАО "),
(70,"2018-10-28","2016-04-12","2017-01-14","Элфокс, ООО"),
(47,"2018-10-30","2015-12-22","2017-04-11","Энергетическая сервисная компания, ООО "),
(63,"2017-03-29","2017-01-28","2016-12-09","Энергозащита, ООО "),
(19,"2017-09-08","2015-09-07","2017-02-01","Энергомаш (Екатеринбург)-Уралэлектротяжмаш, ЗАО "),
(105,"2018-02-19","2015-11-03","2016-07-10","АПАТОР-ЭЛЕКТРО"),
(47,"2017-05-12","2015-03-17","2017-04-23","Энергопрогресс, ООО"),
(68,"2017-08-10","2016-07-28","2017-08-05","Энергоспецпроект, ООО"),
(130,"2017-02-14","2015-10-16","2017-12-30","Энергосфера, МПК , ЗАО "),
(50,"2018-03-29","2015-07-01","2017-10-07","Энсто Рус, ООО"),
(102,"2018-12-12","2016-03-14","2016-03-03","ЭТИ электроэлемент, ООО "),
(1,"2018-09-14","2016-12-16","2018-01-01","ЭТК Джоуль, ООО "),
(119,"2018-05-08","2015-07-10","2016-12-25","ТАИФ - НК, ОАО "),
(39,"2018-10-26","2015-09-21","2016-09-27","Россельхозцентр по РТ, Филиал ФГБУ "),
(146,"2017-08-29","2015-08-23","2017-10-03","Юниверсал Холидейз, ООО "),
(15,"2017-01-04","2015-10-24","2017-04-30","РЕНН-К, ООО "),
(75,"2017-02-07","2016-01-28","2017-03-08","АСУ ПРО "),
(43,"2018-09-27","2016-03-14","2017-01-01","Электроприбор, ОАО "),
(42,"2018-09-23","2015-10-24","2016-09-27","Матрица, ООО"),
(52,"2017-06-16","2015-09-19","2016-03-26","АЗИЯ, рекламное агенство"),
(116,"2017-01-07","2015-03-06","2017-01-10","БИЗНЕС&КЛАСС, деловой журнал"),
(43,"2018-12-11","2015-03-06","2016-12-19","Центр энергосберегающих технологий Республики Татарстан при Кабинете Министров Республики Татарстан, ГАУ "),
(96,"2017-05-26","2016-04-13","2017-05-10","Журнал ТОП БИЛДЕР"),
(81,"2018-05-15","2016-03-15","2016-09-25","Евро 18, ИД, ООО"),
(137,"2018-12-19","2015-12-13","2016-02-22","Издательский дом Коммунальный Комплекс, ООО"),
(80,"2017-05-25","2016-07-02","2016-04-23","Издательство Медиа-Бизнес, ООО"),
(51,"2017-06-05","2016-02-12","2016-09-06","Издательский дом 'Глобус', ООО"),
(90,"2017-07-24","2016-02-26","2017-06-03","Софтлайн Трейд, ЗАО"),
(11,"2018-06-26","2016-11-26","2016-02-14","ТатАИСЭнерго, ООО"),
(94,"2017-11-06","2015-11-29","2016-09-19","Энергопрогресс, ИЦ"),
(37,"2018-11-06","2016-02-03","2017-05-21","Министерство здравоохранения Республики Татарстан"),
(86,"2017-07-08","2015-03-16","2017-08-17","Новости Теплоснабжения, журнал"),
(61,"2017-08-07","2016-06-03","2017-08-26","Новости ЭлектроТехники, журнал"),
(33,"2017-02-20","2016-08-11","2016-11-06","Норма, рекламно-информационное агенство"),
(84,"2018-04-04","2016-12-24","2016-12-01","Оборудование от А до Я, каталог"),
(80,"2017-06-01","2016-07-13","2016-07-26","Промышленное оборудование, журнал"),
(133,"2018-02-27","2015-05-12","2016-10-04","Промышленный вестник, ООО"),
(1,"2018-05-04","2015-04-24","2017-01-04","Релейная защита и автоматизация, журнал"),
(133,"2017-02-09","2015-10-01","2017-09-11","Россельхозцентр по РТ, Филиал ФГБУ "),
(39,"2017-01-12","2016-11-06","2016-10-04","Рынок электротехники, журнал-справочник"),
(63,"2018-06-28","2017-01-04","2016-02-03","Светоприбор, ОО 'БелТИЗ'"),
(50,"2017-03-06","2015-12-19","2017-11-09","Стройэкпертиза, журнал"),
(10,"2018-08-02","2016-04-19","2016-11-06","Татарстан, общественно-политический журнал"),
(44,"2017-11-24","2015-02-22","2017-12-07","Турбомашины, ООО"),
(65,"2017-04-17","2015-12-30","2017-05-31","Экология и промышленность России, журнал"),
(29,"2018-11-06","2015-06-26","2016-06-19","Экопрогресс, журнал"),
(63,"2018-07-06","2017-01-03","2017-06-19","Экспозиция Нефть Газ, ООО "),
(123,"2018-08-19","2015-05-02","2017-07-23","Энерго-Инфо, ООО "),
(58,"2017-08-01","2015-12-27","2016-09-25","Айтрон, ООО"),
(4,"2018-02-17","2016-08-01","2016-01-11","Алтайсктй трансформаторный завод, ОАО "),
(17,"2018-03-27","2016-04-29","2016-05-01","Альметьевский завод 'Радиоприбор', ОАО "),
(125,"2017-07-29","2017-01-23","2017-01-21","Альфа-Тех, ООО "),
(54,"2018-03-20","2016-11-18","2017-02-17","АРГО-Казань, ИЦ, ООО"),
(30,"2017-03-03","2015-07-04","2017-03-28","Белэнергоремналадка, ОАО"),
(146,"2018-11-20","2015-11-11","2017-05-26","БЕТАР ТП, ООО "),
(90,"2017-05-17","2016-01-08","2017-04-28","Бреслер НПП, ООО "),
(145,"2017-09-08","2016-05-03","2016-12-10","Взлет-Сервис, ООО"),
(16,"2018-10-11","2016-06-05","2017-03-10","ВНИИР-Промэлектро, ООО "),
(108,"2018-12-21","2016-10-04","2016-02-28","Генерирующая компания, ОАО "),
(125,"2018-12-09","2015-12-19","2016-05-22","Данфосс, ООО "),
(77,"2018-03-16","2016-05-25","2016-05-09","ДЕН РУС, ООО "),
(77,"2018-11-09","2016-08-27","2017-09-01","ЕАЕ, ООО"),
(7,"2018-01-31","2016-01-23","2016-09-30","Завод электротехнического оборудования 'ЗЭТО' ЗАО "),
(114,"2018-09-23","2015-09-25","2017-08-25","Инжиниринговая Компания 'Альянс', ООО "),
(72,"2017-02-12","2015-10-08","2016-10-27","Ишлейский завод высоковольтной аппаратуры, ООО "),
(85,"2018-01-21","2016-06-11","2017-12-27","Йокогава Электрик СНГ, ООО "),
(148,"2018-06-07","2016-05-07","2017-10-14","Казанский государственный энергетический университет, ФГБОУ ВПО "),
(3,"2018-11-12","2016-09-28","2016-01-07","Казанский национальный исследовательский технологический университет, Федеральное государственное образовательное учреждение высшего профессионального образования "),
(55,"2017-10-16","2016-05-02","2017-01-15","Казанский энергосервисный центр, МУП "),
(81,"2017-03-25","2016-10-05","2017-08-31","Казаньоргсинтез, ОАО"),
(117,"2018-08-16","2016-01-31","2016-01-26","Клинкманн ОЮ, представительство АО "),
(149,"2018-04-16","2015-11-09","2017-03-23","КЛМ групп, ООО "),
(130,"2017-12-07","2016-04-18","2017-02-19","Кореневский завод низковольтной аппаратуры, ОАО "),
(139,"2017-08-16","2015-03-20","2017-12-09","Кабеленесущие системы EKA (Крепость-Поволжье, ООО)"),
(78,"2018-08-06","2015-07-11","2017-05-26","ЛАИЗ, ЗАО"),
(43,"2018-06-19","2015-02-06","2017-08-28","Мека, ООО "),
(68,"2017-03-30","2015-04-13","2016-10-17","МикроАРТ, ООО "),
(88,"2017-12-17","2016-04-02","2017-02-01","Миландр, ПКК, ЗАО "),
(114,"2018-08-15","2016-10-11","2016-08-10","Национал электрик, ООО"),
(63,"2018-08-29","2016-07-04","2016-11-26","НАТЭК, группа компаний"),
(22,"2017-11-10","2016-11-30","2017-04-19","Нижнекамскнефтехим, ПАО"),
(22,"2018-04-21","2017-01-13","2017-06-26","Пентейр Рус,ООО "),
(14,"2018-09-23","2015-12-03","2016-06-30","ПИК-ЭНЕРГО, ООО "),
(74,"2017-11-24","2015-12-30","2016-11-25","Преобразователь, ООО "),
(20,"2018-03-12","2015-03-11","2017-02-21","Промавтоматика, ООО "),
(125,"2017-11-15","2015-11-13","2016-12-22","РАТЭК, ООО"),
(14,"2017-02-17","2016-01-03","2017-12-24","Росэнергосервис, ООО"),
(130,"2017-08-05","2016-09-18","2017-03-19","РФЯЦ-ВНИИТФ им. академ. Е.И.Забабахина, ФГУП "),
(99,"2018-10-27","2016-09-08","2017-05-07","Сарэнергомаш, ОАО "),
(32,"2018-11-23","2016-09-08","2016-04-02","Свердловский завод трансформаторов тока, ОАО "),
(3,"2018-03-09","2016-05-04","2017-12-07","Сеесъярвский мачтопропиточный завод, ООО "),
(32,"2018-12-13","2015-06-27","2016-11-01","СервисМонтажИнтеграция, ООО "),
(131,"2018-11-02","2015-03-11","2017-09-14","Сетевая компания, ОАО "),
(71,"2018-09-18","2016-04-20","2017-11-01","Союз Прибор, ООО "),
(27,"2018-10-04","2016-09-16","2017-12-26","Спецкабель-НН, ООО"),
(59,"2017-05-10","2015-02-22","2016-09-14","СТЕГО РУС, ООО "),
(139,"2017-08-23","2015-08-28","2017-10-11","Стройтех, ЗАО "),
(147,"2018-10-07","2015-05-13","2017-10-15","Татнефть, ОАО"),
(126,"2017-07-28","2015-03-06","2017-07-24","Татнефть-Энергосервис, УК, ООО"),
(94,"2018-05-23","2015-08-05","2016-12-30","Татэнергосбыт, ОАО"),
(130,"2017-02-08","2016-08-13","2016-10-16","ТГК-16, ОАО "),
(62,"2017-05-18","2016-01-22","2017-10-07","ТЕХНОАС-СК, ООО"),
(113,"2017-05-16","2016-12-24","2017-07-19","ТЕХЭЛЕКТРОКОМПЛЕКТ, ООО ");

INSERT INTO timetable 
(tabid,daynum, weekday, shiftst, shiftend, break)
VALUES
(1,1, "Понедельник",450,970,680),
(2,1, "Понедельник",570,880,830),
(3,1, "Понедельник",480,970,800),
(4,1, "Понедельник",450,1000,680),
(5,1, "Понедельник",690,1000,740),
(6,1, "Понедельник",540,1030,650),
(7,1, "Понедельник",630,910,680),
(8,1, "Понедельник",540,850,890),
(9,1, "Понедельник",540,940,650),
(10,1, "Понедельник",630,1030,650),
(11,1, "Понедельник",480,850,830),
(12,1, "Понедельник","null",910,830),
(13,1, "Понедельник",540,1090,740),
(14,1, "Понедельник",450,1030,770),
(15,1, "Понедельник",570,1090,800),
(16,1, "Понедельник",540,1090,710),
(17,1, "Понедельник",630,970,680),
(18,1, "Понедельник","null",910,800),
(19,1, "Понедельник",600,1000,800),
(20,1, "Понедельник",480,1000,770),
(1,2, "Вторник    ",480,1090,800),
(2,2, "Вторник    ",480,880,800),
(3,2, "Вторник    ",570,910,710),
(4,2, "Вторник    ",570,910,830),
(5,2, "Вторник    ",510,850,740),
(6,2, "Вторник    ",600,880,830),
(7,2, "Вторник    ",690,940,890),
(8,2, "Вторник    ",510,940,740),
(9,2, "Вторник    ",570,1030,770),
(10,2, "Вторник    ",540,910,710),
(11,2, "Вторник    ",570,970,740),
(12,2, "Вторник    ",690,940,680),
(13,2, "Вторник    ",690,880,710),
(14,2, "Вторник    ",540,1090,740),
(15,2, "Вторник    ",600,910,830),
(16,2, "Вторник    ",690,1090,770),
(17,2, "Вторник    ",510,1090,740),
(18,2, "Вторник    ",480,1090,800),
(19,2, "Вторник    ",510,910,800),
(20,2, "Вторник    ",570,1000,740),
(1,3, "Среда      ",540,1030,680),
(2,3, "Среда      ",600,940,740),
(3,3, "Среда      ","null",1030,830),
(4,3, "Среда      ",480,1000,710),
(5,3, "Среда      ","null",1000,680),
(6,3, "Среда      ",450,1030,800),
(7,3, "Среда      ",510,1000,680),
(8,3, "Среда      ",510,1090,710),
(9,3, "Среда      ","null",1000,800),
(10,3, "Среда      ",630,940,770),
(11,3, "Среда      ",450,1000,680),
(12,3, "Среда      ",540,1030,740),
(13,3, "Среда      ",630,910,680),
(14,3, "Среда      ",630,940,710),
(15,3, "Среда      ",570,1030,710),
(16,3, "Среда      ",690,1030,890),
(17,3, "Среда      ",570,1030,830),
(18,3, "Среда      ",570,910,680),
(19,3, "Среда      ",480,910,650),
(20,3, "Среда      ",540,940,650),
(1,4, "Четверг    ",510,1090,830),
(2,4, "Четверг    ",600,1000,830),
(3,4, "Четверг    ",480,910,800),
(4,4, "Четверг    ",450,910,650),
(5,4, "Четверг    ",600,910,680),
(6,4, "Четверг    ",600,880,770),
(7,4, "Четверг    ","null",880,800),
(8,4, "Четверг    ",540,1000,650),
(9,4, "Четверг    ",570,880,890),
(10,4, "Четверг    ",480,850,740),
(11,4, "Четверг    ",690,1030,770),
(12,4, "Четверг    ",570,940,650),
(13,4, "Четверг    ",630,1030,680),
(14,4, "Четверг    ",600,1000,830),
(15,4, "Четверг    ",540,1090,740),
(16,4, "Четверг    ",540,970,770),
(17,4, "Четверг    ",450,970,680),
(18,4, "Четверг    ",570,910,740),
(19,4, "Четверг    ",600,940,740),
(20,4, "Четверг    ",510,850,890),
(1,5, "Пятница    ",480,1090,710),
(2,5, "Пятница    ",450,1030,740),
(3,5, "Пятница    ",540,880,830),
(4,5, "Пятница    ",450,970,800),
(5,5, "Пятница    ",450,970,830),
(6,5, "Пятница    ",630,910,680),
(7,5, "Пятница    ",540,1090,650),
(8,5, "Пятница    ",570,910,800),
(9,5, "Пятница    ",510,850,680),
(10,5, "Пятница    ",570,1030,800),
(11,5, "Пятница    ",480,1030,740),
(12,5, "Пятница    ",570,970,680),
(13,5, "Пятница    ",690,1030,830),
(14,5, "Пятница    ",540,880,710),
(15,5, "Пятница    ",690,1090,890),
(16,5, "Пятница    ",570,910,650),
(17,5, "Пятница    ",510,1030,740),
(18,5, "Пятница    ","null",1000,740),
(19,5, "Пятница    ",630,1090,740),
(20,5, "Пятница    ",570,880,890),
(1,6, "Суббота    ",540,850,650),
(2,6, "Суббота    ",450,970,740),
(3,6, "Суббота    ",450,850,710),
(4,6, "Суббота    ",480,1090,890),
(5,6, "Суббота    ",600,880,800),
(6,6, "Суббота    ",570,850,650),
(7,6, "Суббота    ",540,1090,710),
(8,6, "Суббота    ",450,970,890),
(9,6, "Суббота    ",450,880,890),
(10,6, "Суббота    ",630,970,890),
(11,6, "Суббота    ",570,880,710),
(12,6, "Суббота    ",510,1090,830),
(13,6, "Суббота    ",540,1030,710),
(14,6, "Суббота    ",630,940,680),
(15,6, "Суббота    ",630,850,770),
(16,6, "Суббота    ",510,1030,710),
(17,6, "Суббота    ",630,970,740),
(18,6, "Суббота    ",480,910,830),
(19,6, "Суббота    ",450,910,740),
(20,6, "Суббота    ",690,1000,830),
(1,7, "Воскресение",510,970,830),
(2,7, "Воскресение",480,940,890),
(4,7, "Воскресение",570,880,680),
(5,7, "Воскресение",450,880,740),
(6,7, "Воскресение",600,1090,710),
(7,7, "Воскресение",600,1090,890),
(8,7, "Воскресение",690,850,710),
(9,7, "Воскресение",690,880,830),
(10,7, "Воскресение",540,1030,890),
(11,7, "Воскресение",510,940,650),
(12,7, "Воскресение",450,940,890),
(13,7, "Воскресение",630,880,650),
(14,7, "Воскресение",540,850,650),
(15,7, "Воскресение",630,850,890),
(16,7, "Воскресение",600,1090,830),
(17,7, "Воскресение",450,1090,800),
(18,7, "Воскресение",570,940,830),
(19,7, "Воскресение",510,910,740),
(20,7, "Воскресение",480,850,890);
END;
