INSERT INTO employee
(fio, position, experien, birthdate, gender, address, pnumber, password)
VALUES 
(
    'Варшавин Александр Михайлович', 'Главный врач', 23, '1978-04-20',
    'М', 'г. Москва, Варламов переулок д.1 кв.13', '+79962429419', 'alex23'
),
(
    'Прокофьева Зинаида Дмитриевна', 'Врач терапевт', 12, '1981-01-31',
    'Ж', 'г. Москва, ул. Тимура д.31 с.1 кв.21', '+79664568381', '03mazina03'
),
(
    'Волошин Ростислав Павлович', 'Невропатолог', 18, '1971-01-31',
    'М', 'г. Москва, ул. Новокучаевская д.3 с.2 кв.1', '+79664582429', '901319402424529013'
);
INSERT INTO patient 
(fio, insurcomp, icontract, birthdate, gender, address, pnumber, password)
VALUES 
(
    'Махаров Кузьма Викторович', "ООО Полис-Гарант", "10991319410-Б/1", '1983-11-28', 'М', 
    'г. Москва, Тихоходский проезд д.5 кв.56', '+79314149204', 'moscow_831'
),
(
    'Никифорова Валерия Григорьевна', "ОAО Док-Плюс","50394319493-A/2", '1995-10-01', 'Ж',
    'г. Москва, ул. Новослободская д.9', '+79652132309', 'tututochkaru'
),
(
    'Алёшин Всеволод Григорьевич', "ООО Ниармедик","12394519493-U/2",'1989-01-01', 'М',
    'г. Москва, ул. Моховая д.9 кв.18', '+79652132309', '791849142409251'
);
INSERT INTO medcard 
(regid, crdate, type)
VALUES 
(1, date('now'), 'Амбулаторная'),
(2, 2017-11-05, 'Стационарная'),
(1, date('now'), 'Стационарная'),
(3, '2018-04-25', 'Амбулаторная');
INSERT INTO receipt
(tabid, regid, issuedate, medicine)
VALUES
(1, 1, '2018-11-29', 'Ибупрофен, 5-Фторурацил-Эбеве, Глутамин-Капс'),
(2, 3, '2018-01-09', 'Абактал 0,08/мл 5мл, Эуфиллин 0,024/мл 10мл'),
(3, 2, '2017-03-19', 'Живокост-бальзам, Иммунал, Кальцид'),
(2, 3, '2018-09-01', 'Вазотон, Ревалгин');
INSERT INTO sickleave 
( regid, issuedate, stdate, endate, destn)
VALUES
( 1, '2018-11-29', '2018-05-24', '2018-10-19', 'ООО Химфармпром'),
( 3, '2018-01-09', '2017-11-04', '2017-12-29', 'Школа № 3 по г. Москва'), 
( 2, '2017-03-19', '2017-01-23', '2017-02-09', 'ИП Афанасьев И.О.');
INSERT INTO timetable 
(tabid, weekday, shiftst, shiftend, break)
VALUES
(1, 'Понедельник', 600, 1080, 780),
(2, 'Вторник', 540, 900, 720),
(3, 'Среда', 720, 1140, 840),
(2, 'Четверг', 780, 1200, 900);
INSERT INTO treatment 
(tabid, cardid, trdate, illness, treatment)
VALUES 
(
1 , 2,  '2017-11-28', 'Острая амебная дизентерия', 'Трихоброл 2 недели по 1 таблетке, Эритромецин 2 таблетки в день перед едой'
),
(
2 , 3,  '2018-01-28', 'Центральноевропейский клещевой энцефалит', 'Коктейль витаминов группы B внутримышечно, экстракт алоэ, церебролизин'
),
(
3 , 1,  '2017-12-07', 'Грипп с пневмонией', 'Арбидол, постельный режим, Ринза'
);
INSERT INTO visit
(tabid, cardid, visdate, visgoal)
VALUES 
(2, 1, date('now'), 'Консультация'),
(3, 2, '2017-05-23', 'Осмотр'),
(1, 1, '2018-10-10', 'Консультация');
INSERT INTO analysis
(tabid, cardid, type, passdate, result)
VALUES
(1, 1, 'Гемоглобин', '2018-08-09', 'Уровень гемоглобина 9'),
(2, 3, 'Гепатит', '2018-08-09', 'Положительный'),
(3, 2, 'Псориаз', '2018-08-09', 'Отрицательный'),
(2, 3, 'Грибок', '2018-09-01', 'Отрицательный');
INSERT INTO appointment 
(tabid, regid, recdatetime)
VALUES
(1, 2, '2018-01-01 14:30'),
(2, 1, '2018-10-11 15:00'),
(3, 3, '2016-12-11 10:30'),
(1, 1, '2017-10-08 11:00');
